"Time","Temperature","Dew Point","Humidity","Wind","Wind Speed","Wind Gust","Pressure","Precip.","Condition"
"2020-10-06|12:53 AM","66 °F","63 °F","90 °%","CALM","0 °mph","0 °mph","29.84 °in","0.0 °in","Fair"
"2020-10-06|1:53 AM","64 °F","62 °F","93 °%","CALM","0 °mph","0 °mph","29.84 °in","0.0 °in","Fair"
"2020-10-06|2:53 AM","64 °F","62 °F","93 °%","E","3 °mph","0 °mph","29.83 °in","0.0 °in","Fair"
"2020-10-06|3:53 AM","65 °F","62 °F","90 °%","CALM","0 °mph","0 °mph","29.84 °in","0.0 °in","Partly Cloudy"
"2020-10-06|4:53 AM","65 °F","63 °F","93 °%","W","3 °mph","0 °mph","29.84 °in","0.0 °in","Mist"
"2020-10-06|5:22 AM","64 °F","62 °F","93 °%","CALM","0 °mph","0 °mph","29.84 °in","0.0 °in","Mist"
"2020-10-06|5:46 AM","64 °F","62 °F","93 °%","CALM","0 °mph","0 °mph","29.83 °in","0.0 °in","Mist"
"2020-10-06|5:53 AM","64 °F","63 °F","96 °%","CALM","0 °mph","0 °mph","29.84 °in","0.0 °in","Mist"
"2020-10-06|6:01 AM","64 °F","63 °F","96 °%","VAR","3 °mph","0 °mph","29.84 °in","0.0 °in","Mist"
"2020-10-06|6:17 AM","65 °F","63 °F","93 °%","CALM","0 °mph","0 °mph","29.84 °in","0.0 °in","Mist"
"2020-10-06|6:43 AM","66 °F","64 °F","93 °%","W","5 °mph","0 °mph","29.85 °in","0.0 °in","Mist"
"2020-10-06|6:53 AM","66 °F","64 °F","93 °%","W","3 °mph","0 °mph","29.85 °in","0.0 °in","Mist"
"2020-10-06|7:07 AM","66 °F","64 °F","93 °%","WSW","3 °mph","0 °mph","29.85 °in","0.0 °in","Mist"
"2020-10-06|7:53 AM","67 °F","65 °F","93 °%","WSW","5 °mph","0 °mph","29.86 °in","0.0 °in","Mist"
"2020-10-06|8:53 AM","68 °F","65 °F","90 °%","W","3 °mph","0 °mph","29.87 °in","0.0 °in","Mostly Cloudy"
"2020-10-06|9:53 AM","72 °F","65 °F","78 °%","CALM","0 °mph","0 °mph","29.87 °in","0.0 °in","Mostly Cloudy"
"2020-10-06|10:53 AM","76 °F","61 °F","60 °%","CALM","0 °mph","0 °mph","29.87 °in","0.0 °in","Mostly Cloudy"
"2020-10-06|11:53 AM","82 °F","59 °F","45 °%","CALM","0 °mph","0 °mph","29.85 °in","0.0 °in","Mostly Cloudy"
"2020-10-06|12:53 PM","78 °F","64 °F","62 °%","W","12 °mph","0 °mph","29.84 °in","0.0 °in","Haze"
"2020-10-06|1:53 PM","75 °F","63 °F","66 °%","WSW","13 °mph","0 °mph","29.82 °in","0.0 °in","Haze"
"2020-10-06|2:53 PM","74 °F","64 °F","71 °%","WSW","10 °mph","0 °mph","29.80 °in","0.0 °in","Haze"
"2020-10-06|3:53 PM","74 °F","63 °F","68 °%","W","14 °mph","0 °mph","29.80 °in","0.0 °in","Fair"
"2020-10-06|4:53 PM","74 °F","62 °F","66 °%","W","10 °mph","0 °mph","29.79 °in","0.0 °in","Fair"
"2020-10-06|5:53 PM","70 °F","64 °F","81 °%","W","12 °mph","0 °mph","29.79 °in","0.0 °in","Haze"
"2020-10-06|6:53 PM","68 °F","64 °F","87 °%","W","8 °mph","0 °mph","29.79 °in","0.0 °in","Fair"
"2020-10-06|7:53 PM","68 °F","63 °F","84 °%","W","5 °mph","0 °mph","29.80 °in","0.0 °in","Fair"
"2020-10-06|8:53 PM","68 °F","63 °F","84 °%","W","7 °mph","0 °mph","29.80 °in","0.0 °in","Fair"
"2020-10-06|9:53 PM","67 °F","64 °F","90 °%","W","7 °mph","0 °mph","29.80 °in","0.0 °in","Fair"
"2020-10-06|10:53 PM","67 °F","64 °F","90 °%","W","9 °mph","0 °mph","29.80 °in","0.0 °in","Partly Cloudy"
"2020-10-06|11:53 PM","66 °F","63 °F","90 °%","W","8 °mph","0 °mph","29.79 °in","0.0 °in","Partly Cloudy"