"Date","Time","Temperature","Dew Point","Humidity","Wind","Wind Speed","Wind Gust","Pressure","Condition","Precipitation"
"2025-01-10","1:53 AM","54","31","41","NNW","3","0","30.09","Fair","0.0"
"2025-01-10","2:53 AM","50","29","44","CALM","0","0","30.11","Fair","0.0"
"2025-01-10","3:53 AM","48","28","46","CALM","0","0","30.12","Fair","0.0"
"2025-01-10","4:53 AM","49","31","50","CALM","0","0","30.12","Fair","0.0"
"2025-01-10","5:53 AM","47","30","52","CALM","0","0","30.13","Fair","0.0"
"2025-01-10","6:53 AM","48","32","54","CALM","0","0","30.15","Fair","0.0"
"2025-01-10","7:53 AM","50","33","52","CALM","0","0","30.17","Fair","0.0"
"2025-01-10","8:53 AM","54","32","43","NNW","5","0","30.19","Fair","0.0"
"2025-01-10","9:53 AM","63","29","28","NW","3","0","30.19","Fair","0.0"
"2025-01-10","10:53 AM","65","31","28","N","5","0","30.20","Fair","0.0"
"2025-01-10","11:53 AM","67","33","28","CALM","0","0","30.19","Fair","0.0"
"2025-01-10","12:53 PM","69","34","27","WSW","7","0","30.14","Fair","0.0"
"2025-01-10","1:53 PM","69","33","26","W","9","0","30.12","Fair","0.0"
"2025-01-10","2:53 PM","67","32","27","W","8","0","30.10","Fair","0.0"
"2025-01-10","3:53 PM","68","32","26","SW","8","0","30.09","Partly Cloudy","0.0"
"2025-01-10","4:53 PM","65","37","36","S","5","0","30.09","Partly Cloudy","0.0"
"2025-01-10","5:53 PM","63","40","43","SSE","3","0","30.08","Partly Cloudy","0.0"
"2025-01-10","6:53 PM","62","40","44","NW","3","0","30.07","Fair","0.0"
"2025-01-10","7:53 PM","61","40","46","CALM","0","0","30.07","Fair","0.0"
"2025-01-10","8:53 PM","60","39","46","SSE","5","0","30.07","Partly Cloudy","0.0"
"2025-01-10","9:53 PM","60","35","39","W","12","0","30.05","Mostly Cloudy","0.0"
"2025-01-10","10:53 PM","57","43","59","WSW","8","0","30.04","Mostly Cloudy","0.0"
"2025-01-10","11:53 PM","57","43","59","CALM","0","0","30.03","Partly Cloudy","0.0"
"2025-01-11","12:53 AM","55","46","72","ESE","3","0","30.00","Mostly Cloudy","0.0"
"2025-01-11","1:53 AM","52","39","61","VAR","3","0","29.98","Mostly Cloudy","0.0"
"2025-01-11","2:53 AM","49","36","61","E","5","0","29.98","Mostly Cloudy","0.0"
"2025-01-11","3:53 AM","49","33","54","E","5","0","29.96","Partly Cloudy","0.0"
"2025-01-11","4:53 AM","49","31","50","CALM","0","0","29.94","Partly Cloudy","0.0"
"2025-01-11","5:53 AM","48","28","46","E","3","0","29.93","Mostly Cloudy","0.0"
"2025-01-11","6:53 AM","49","27","43","E","3","0","29.93","Mostly Cloudy","0.0"
"2025-01-11","7:53 AM","49","25","39","NE","7","0","29.93","Partly Cloudy","0.0"
"2025-01-11","8:53 AM","51","27","39","E","6","0","29.95","Partly Cloudy","0.0"
"2025-01-11","9:53 AM","56","31","39","ENE","6","0","29.95","Fair","0.0"
"2025-01-11","10:53 AM","60","40","47","E","6","0","29.96","Fair","0.0"
"2025-01-11","11:53 AM","61","43","52","SSE","7","0","29.93","Fair","0.0"
"2025-01-11","12:53 PM","64","40","41","CALM","0","0","29.88","Fair","0.0"
"2025-01-11","1:53 PM","63","46","54","W","12","0","29.86","Fair","0.0"
"2025-01-11","2:53 PM","62","47","58","W","12","0","29.84","Fair","0.0"
"2025-01-11","3:53 PM","60","49","67","W","10","0","29.84","Fair","0.0"
"2025-01-11","4:53 PM","59","51","75","W","12","0","29.83","Fair","0.0"
"2025-01-11","5:53 PM","58","49","72","SW","6","0","29.82","Fair","0.0"
"2025-01-11","6:53 PM","57","49","74","ESE","3","0","29.82","Fair","0.0"
"2025-01-11","7:53 PM","57","48","72","N","6","0","29.83","Fair","0.0"
"2025-01-11","8:53 PM","55","48","77","CALM","0","0","29.86","Fair","0.0"
"2025-01-11","9:53 PM","56","47","72","CALM","0","0","29.87","Fair","0.0"
"2025-01-11","10:53 PM","55","45","69","ENE","5","0","29.87","Fair","0.0"
"2025-01-11","11:53 PM","55","45","69","VAR","5","0","29.88","Fair","0.0"
"2025-01-12","12:53 AM","51","44","77","ENE","5","0","29.89","Fair","0.0"
"2025-01-12","1:53 AM","55","33","43","CALM","0","0","29.89","Fair","0.0"
"2025-01-12","2:53 AM","56","19","24","SSW","3","0","29.89","Fair","0.0"
"2025-01-12","3:53 AM","46","31","56","ENE","6","0","29.90","Fair","0.0"
"2025-01-12","4:53 AM","49","29","46","WSW","3","0","29.90","Fair","0.0"
"2025-01-12","5:53 AM","50","28","43","W","6","0","29.90","Fair","0.0"
"2025-01-12","6:53 AM","54","18","24","VAR","3","0","29.92","Fair","0.0"
"2025-01-12","7:53 AM","56","21","26","W","3","0","29.93","Fair","0.0"
"2025-01-12","8:53 AM","56","22","27","NNW","5","0","29.95","Fair","0.0"
"2025-01-12","9:53 AM","61","26","26","S","6","0","29.96","Fair","0.0"
"2025-01-12","10:53 AM","63","29","28","CALM","0","0","29.97","Fair","0.0"
"2025-01-12","11:53 AM","65","31","28","W","3","0","29.96","Fair","0.0"
"2025-01-12","12:53 PM","67","32","27","SW","6","0","29.93","Fair","0.0"
"2025-01-12","1:53 PM","67","32","27","SSW","7","0","29.89","Fair","0.0"
"2025-01-12","2:53 PM","68","33","27","WSW","12","0","29.88","Fair","0.0"
"2025-01-12","3:53 PM","65","30","27","SW","10","0","29.89","Fair","0.0"
"2025-01-12","4:53 PM","63","28","27","SW","12","0","29.89","Fair","0.0"
"2025-01-12","5:53 PM","60","35","39","SW","12","0","29.91","Fair","0.0"
"2025-01-12","6:53 PM","58","43","58","SW","8","0","29.90","Fair","0.0"
"2025-01-12","7:53 PM","57","44","62","CALM","0","0","29.92","Fair","0.0"
"2025-01-12","8:53 PM","55","44","67","E","3","0","29.95","Fair","0.0"
"2025-01-12","9:53 PM","54","42","64","CALM","0","0","29.97","Fair","0.0"
"2025-01-12","10:53 PM","53","35","50","E","5","0","29.98","Fair","0.0"
"2025-01-12","11:53 PM","55","29","37","CALM","0","0","29.98","Fair","0.0"
"2025-01-13","12:53 AM","51","29","43","SE","3","0","29.99","Fair","0.0"
"2025-01-13","1:53 AM","51","27","39","NE","3","0","29.99","Fair","0.0"
"2025-01-13","2:53 AM","48","25","41","ESE","5","0","29.99","Fair","0.0"
"2025-01-13","3:53 AM","48","22","36","CALM","0","0","29.99","Fair","0.0"
"2025-01-13","4:53 AM","48","22","36","CALM","0","0","30.00","Fair","0.0"
"2025-01-13","5:53 AM","45","22","40","NE","3","0","30.00","Fair","0.0"
"2025-01-13","6:53 AM","48","21","34","CALM","0","0","30.01","Fair","0.0"
"2025-01-13","7:53 AM","45","22","40","CALM","0","0","30.02","Fair","0.0"
"2025-01-13","8:53 AM","47","24","41","CALM","0","0","30.04","Fair","0.0"
"2025-01-13","9:53 AM","57","22","26","CALM","0","0","30.06","Fair","0.0"
"2025-01-13","10:53 AM","60","25","26","CALM","0","0","30.09","Fair","0.0"
"2025-01-13","11:53 AM","63","28","27","VAR","3","0","30.08","Fair","0.0"
"2025-01-13","12:53 PM","65","30","27","VAR","5","0","30.06","Fair","0.0"
"2025-01-13","1:53 PM","66","32","28","ESE","6","0","30.04","Fair","0.0"
"2025-01-13","2:53 PM","66","29","25","W","9","0","30.04","Fair","0.0"
"2025-01-13","3:53 PM","67","31","26","S","7","22","30.04","Fair","0.0"
"2025-01-13","4:53 PM","63","28","27","WSW","9","0","30.05","Fair","0.0"
"2025-01-13","5:53 PM","63","27","26","WSW","5","0","30.06","Fair","0.0"
"2025-01-13","6:53 PM","58","22","25","W","6","0","30.07","Fair","0.0"
"2025-01-13","7:53 PM","58","27","31","NW","6","0","30.09","Fair","0.0"
"2025-01-13","8:53 PM","57","24","28","NNW","9","0","30.11","Fair","0.0"
"2025-01-13","9:53 PM","57","23","27","N","7","0","30.13","Fair","0.0"
"2025-01-13","10:53 PM","55","20","25","CALM","0","0","30.14","Fair","0.0"
"2025-01-13","11:53 PM","55","19","24","CALM","0","0","30.14","Fair","0.0"
"2025-01-14","12:53 AM","56","20","25","WNW","3","0","30.14","Fair","0.0"
"2025-01-14","1:53 AM","53","18","25","CALM","0","0","30.14","Fair","0.0"
"2025-01-14","2:53 AM","47","18","32","CALM","0","0","30.15","Fair","0.0"
"2025-01-14","3:53 AM","45","19","36","N","5","0","30.15","Fair","0.0"
"2025-01-14","4:53 AM","45","18","34","ESE","5","0","30.14","Fair","0.0"
"2025-01-14","5:53 AM","44","19","37","ENE","5","0","30.14","Fair","0.0"
"2025-01-14","6:53 AM","44","17","34","CALM","0","0","30.15","Fair","0.0"
"2025-01-14","7:53 AM","42","19","40","ESE","5","0","30.16","Fair","0.0"
"2025-01-14","8:53 AM","48","18","30","NE","5","0","30.18","Fair","0.0"
"2025-01-14","9:53 AM","56","23","28","VAR","3","0","30.19","Fair","0.0"
"2025-01-14","10:53 AM","61","27","27","SW","3","0","30.19","Fair","0.0"
"2025-01-14","11:53 AM","63","28","27","W","7","0","30.18","Fair","0.0"
"2025-01-14","11:59 AM","62","28","28","W","7","0","30.18","Fair","0.0"
"2025-01-14","12:53 PM","64","29","27","W","10","0","30.14","Fair","0.0"
"2025-01-14","1:53 PM","65","28","25","W","12","0","30.10","Fair","0.0"
"2025-01-14","2:53 PM","63","29","28","W","10","0","30.07","Fair","0.0"
"2025-01-14","3:53 PM","62","36","38","W","9","0","30.06","Fair","0.0"
"2025-01-14","4:53 PM","62","27","26","W","10","0","30.06","Fair","0.0"
"2025-01-14","5:53 PM","59","37","44","W","7","0","30.06","Fair","0.0"
"2025-01-14","6:53 PM","57","38","49","W","7","0","30.06","Fair","0.0"
"2025-01-14","7:53 PM","57","39","51","SW","3","0","30.07","Fair","0.0"
"2025-01-14","8:53 PM","55","36","49","CALM","0","0","30.08","Fair","0.0"
"2025-01-14","9:53 PM","56","33","42","ESE","5","0","30.09","Fair","0.0"
"2025-01-14","10:53 PM","54","31","41","N","3","0","30.10","Fair","0.0"
"2025-01-14","11:53 PM","53","22","30","CALM","0","0","30.10","Fair","0.0"
"2025-01-15","12:53 AM","54","21","28","VAR","3","0","30.10","Fair","0.0"
"2025-01-15","1:53 AM","50","22","33","ESE","3","0","30.09","Fair","0.0"
"2025-01-15","2:53 AM","48","24","39","ESE","3","0","30.09","Fair","0.0"
"2025-01-15","3:53 AM","48","22","36","CALM","0","0","30.08","Fair","0.0"
"2025-01-15","4:53 AM","48","20","33","CALM","0","0","30.07","Fair","0.0"
"2025-01-15","5:53 AM","44","21","40","E","3","0","30.08","Fair","0.0"
"2025-01-15","6:53 AM","46","21","37","ENE","3","0","30.08","Fair","0.0"
"2025-01-15","7:53 AM","49","24","38","NE","5","0","30.08","Fair","0.0"
"2025-01-15","8:53 AM","53","21","29","ENE","5","0","30.08","Fair","0.0"
"2025-01-15","9:53 AM","57","23","27","VAR","5","0","30.09","Fair","0.0"
"2025-01-15","10:53 AM","61","27","27","E","6","0","30.09","Fair","0.0"
"2025-01-15","11:53 AM","66","32","28","SSE","7","0","30.07","Fair","0.0"
"2025-01-15","12:53 PM","71","35","27","SSW","9","0","30.05","Fair","0.0"
"2025-01-15","1:53 PM","72","36","27","SW","6","0","30.03","Fair","0.0"
"2025-01-15","2:53 PM","70","34","27","WNW","10","0","30.01","Fair","0.0"
"2025-01-15","3:53 PM","69","33","26","W","13","0","30.00","Fair","0.0"
"2025-01-15","4:53 PM","67","31","26","W","9","0","30.01","Fair","0.0"
"2025-01-15","5:53 PM","63","29","28","SW","10","0","30.03","Fair","0.0"
"2025-01-15","6:53 PM","59","36","42","W","7","0","30.04","Fair","0.0"
"2025-01-15","7:53 PM","60","32","35","WNW","6","0","30.04","Fair","0.0"
"2025-01-15","8:53 PM","58","36","44","CALM","0","0","30.05","Fair","0.0"
"2025-01-15","9:53 PM","57","34","42","SSE","5","0","30.07","Fair","0.0"
"2025-01-15","10:53 PM","55","33","43","ESE","5","0","30.08","Fair","0.0"
"2025-01-15","11:53 PM","53","31","43","NNE","6","0","30.07","Fair","0.0"
"2025-01-16","12:53 AM","58","22","25","VAR","7","0","30.05","Fair","0.0"
"2025-01-16","1:53 AM","53","23","31","ENE","3","0","30.04","Fair","0.0"
"2025-01-16","2:53 AM","52","21","30","NE","3","0","30.03","Fair","0.0"
"2025-01-16","3:53 AM","51","17","26","NE","6","0","30.02","Fair","0.0"
"2025-01-16","4:53 AM","53","18","25","NE","5","0","30.02","Fair","0.0"
"2025-01-16","5:53 AM","49","17","28","CALM","0","0","30.01","Fair","0.0"
"2025-01-16","6:53 AM","50","17","27","NE","5","0","30.02","Fair","0.0"
"2025-01-16","7:53 AM","49","16","27","E","3","0","30.02","Fair","0.0"
"2025-01-16","8:53 AM","54","20","26","E","5","0","30.02","Fair","0.0"
"2025-01-16","9:53 AM","61","26","26","VAR","3","0","30.02","Fair","0.0"
"2025-01-16","10:53 AM","64","31","29","ENE","5","0","30.03","Fair","0.0"
"2025-01-16","11:53 AM","65","30","27","E","3","0","30.02","Fair","0.0"
"2025-01-16","12:53 PM","65","28","25","W","10","0","29.99","Fair","0.0"
"2025-01-16","1:53 PM","63","40","43","WSW","13","0","29.97","Partly Cloudy","0.0"
"2025-01-16","2:53 PM","62","41","46","WSW","15","0","29.96","Partly Cloudy","0.0"
"2025-01-16","3:53 PM","60","49","67","WSW","14","0","29.96","Fair","0.0"
"2025-01-16","4:53 PM","59","48","67","W","15","0","29.96","Fair","0.0"
"2025-01-16","5:53 PM","57","44","62","SW","10","0","29.97","Fair","0.0"
"2025-01-16","6:53 PM","56","44","64","SW","8","0","29.98","Fair","0.0"
"2025-01-16","7:53 PM","56","47","72","SSW","5","0","30.00","Fair","0.0"
"2025-01-16","8:53 PM","55","48","77","SSW","5","0","30.02","Fair","0.0"
"2025-01-16","9:53 PM","55","48","77","SSW","7","0","30.03","Fair","0.0"
"2025-01-16","10:53 PM","54","45","72","SE","3","0","30.04","Fair","0.0"
"2025-01-16","11:53 PM","51","34","52","ENE","6","0","30.05","Fair","0.0"
"2025-01-17","12:53 AM","53","45","74","NE","5","0","30.05","Fair","0.0"
"2025-01-17","1:53 AM","49","43","80","E","5","0","30.05","Partly Cloudy","0.0"
"2025-01-17","2:53 AM","49","44","83","ENE","5","0","30.06","Mostly Cloudy","0.0"
"2025-01-17","3:51 AM","48","43","82","E","3","0","30.06","Partly Cloudy","0.0"
"2025-01-17","3:53 AM","48","42","80","E","3","0","30.06","Partly Cloudy","0.0"
"2025-01-17","4:53 AM","48","42","80","E","6","0","30.05","Partly Cloudy","0.0"
"2025-01-17","5:53 AM","46","40","79","E","5","0","30.06","Partly Cloudy","0.0"
"2025-01-17","6:29 AM","47","40","77","E","5","0","30.06","Mostly Cloudy","0.0"
"2025-01-17","6:46 AM","47","39","74","ENE","6","0","30.07","Partly Cloudy","0.0"
"2025-01-17","6:53 AM","47","39","74","ENE","6","0","30.07","Partly Cloudy","0.0"
"2025-01-17","7:53 AM","46","38","73","ENE","8","0","30.07","Mostly Cloudy","0.0"
"2025-01-17","8:53 AM","50","40","68","ENE","6","0","30.08","Mostly Cloudy","0.0"
"2025-01-17","9:53 AM","56","44","64","VAR","7","0","30.09","Mostly Cloudy","0.0"
"2025-01-17","10:53 AM","58","44","60","E","6","0","30.11","Partly Cloudy","0.0"
"2025-01-17","11:53 AM","59","43","55","SSE","6","0","30.11","Mostly Cloudy","0.0"
"2025-01-17","12:53 PM","58","42","56","W","9","0","30.08","Mostly Cloudy","0.0"
"2025-01-17","1:53 PM","58","43","58","WSW","8","0","30.06","Partly Cloudy","0.0"
"2025-01-17","2:53 PM","60","44","55","WSW","9","0","30.03","Partly Cloudy","0.0"
"2025-01-17","3:53 PM","59","43","55","SW","10","23","30.02","Partly Cloudy","0.0"
"2025-01-17","4:53 PM","57","44","62","SW","10","0","30.02","Partly Cloudy","0.0"
"2025-01-17","5:53 PM","56","45","67","WSW","9","0","30.02","Fair","0.0"
"2025-01-17","6:53 PM","54","45","72","WSW","7","0","30.04","Fair","0.0"
"2025-01-17","7:53 PM","54","45","72","W","5","0","30.04","Fair","0.0"
"2025-01-17","8:53 PM","54","45","72","SW","5","0","30.05","Fair","0.0"
"2025-01-17","9:53 PM","53","44","71","CALM","0","0","30.06","Fair","0.0"
"2025-01-17","10:53 PM","52","45","77","E","3","0","30.07","Fair","0.0"
"2025-01-17","11:53 PM","53","45","74","CALM","0","0","30.08","Mostly Cloudy","0.0"
"2025-01-18","12:11 AM","52","39","61","ESE","3","0","30.08","Mostly Cloudy","0.0"
"2025-01-18","12:53 AM","52","44","74","VAR","3","0","30.08","Mostly Cloudy","0.0"
"2025-01-19","1:53 AM","50","46","86","ESE","3","0","30.11","Fair","0.0"
"2025-01-19","2:53 AM","49","46","90","ENE","6","0","30.11","Fair","0.0"
"2025-01-19","3:53 AM","49","45","86","CALM","0","0","30.11","Fair","0.0"
"2025-01-19","4:53 AM","48","44","86","ENE","3","0","30.09","Fair","0.0"
"2025-01-19","5:53 AM","47","43","86","CALM","0","0","30.08","Fair","0.0"
"2025-01-19","6:53 AM","47","42","83","NE","5","0","30.09","Fair","0.0"
"2025-01-19","7:53 AM","46","42","86","NE","3","0","30.10","Partly Cloudy","0.0"
"2025-01-19","8:31 AM","48","43","83","VAR","3","0","30.10","Haze","0.0"
"2025-01-19","8:53 AM","47","42","83","CALM","0","0","30.10","Mostly Cloudy","0.0"
"2025-01-19","9:53 AM","50","43","77","E","3","0","30.11","Cloudy","0.0"
"2025-01-19","10:53 AM","54","45","72","CALM","0","0","30.11","Cloudy","0.0"
"2025-01-19","11:53 AM","56","46","69","CALM","0","0","30.08","Haze","0.0"
"2025-01-19","12:53 PM","57","45","64","WSW","8","0","30.05","Mostly Cloudy","0.0"
"2025-01-19","1:38 PM","56","45","67","W","8","0","30.03","Partly Cloudy","0.0"
"2025-01-19","1:53 PM","58","45","62","W","10","0","30.02","Partly Cloudy","0.0"
"2025-01-19","2:53 PM","58","45","62","W","10","0","29.99","Partly Cloudy","0.0"
"2025-01-19","3:53 PM","57","46","67","WSW","12","0","29.98","Fair","0.0"
"2025-01-19","4:19 PM","56","46","69","W","14","0","29.98","Mostly Cloudy","0.0"
"2025-01-19","4:53 PM","56","46","69","W","14","0","29.97","Partly Cloudy","0.0"
"2025-01-19","5:42 PM","55","46","72","W","14","0","29.96","Cloudy","0.0"
"2025-01-19","5:53 PM","55","46","72","W","13","0","29.96","Cloudy","0.0"
"2025-01-19","6:53 PM","54","46","75","WSW","10","0","29.96","Cloudy","0.0"
"2025-01-19","7:53 PM","54","47","77","WSW","8","0","29.94","Cloudy","0.0"
"2025-01-19","8:53 PM","54","47","77","CALM","0","0","29.95","Cloudy","0.0"
"2025-01-19","9:53 PM","54","47","77","WSW","6","0","29.96","Cloudy","0.0"
"2025-01-19","10:53 PM","54","47","77","SSW","5","0","29.97","Cloudy","0.0"
"2025-01-19","11:53 PM","54","46","75","SSW","5","0","29.99","Cloudy","0.0"
"2025-01-20","12:53 AM","54","46","75","SE","5","0","30.00","Cloudy","0.0"
"2025-01-18","1:23 AM","52","46","80","CALM","0","0","30.08","Partly Cloudy","0.0"
"2025-01-18","1:51 AM","50","45","82","NE","3","0","30.08","Mostly Cloudy","0.0"
"2025-01-18","1:53 AM","50","45","83","NE","3","0","30.08","Mostly Cloudy","0.0"
"2025-01-18","2:53 AM","51","46","83","ENE","3","0","30.08","Mostly Cloudy","0.0"
"2025-01-18","3:53 AM","51","46","83","E","3","0","30.07","Mostly Cloudy","0.0"
"2025-01-18","4:53 AM","51","46","83","ENE","6","0","30.07","Mostly Cloudy","0.0"
"2025-01-18","5:53 AM","48","44","86","CALM","0","0","30.07","Mostly Cloudy","0.0"
"2025-01-18","6:53 AM","49","45","86","NE","5","0","30.08","Mostly Cloudy","0.0"
"2025-01-18","7:39 AM","51","45","80","ENE","5","0","30.09","Partly Cloudy","0.0"
"2025-01-18","7:53 AM","48","44","86","CALM","0","0","30.09","Partly Cloudy","0.0"
"2025-01-18","8:53 AM","50","45","83","ENE","5","0","30.11","Partly Cloudy","0.0"
"2025-01-18","9:53 AM","55","46","72","ENE","6","0","30.11","Partly Cloudy","0.0"
"2025-01-18","10:53 AM","58","46","65","NE","5","0","30.13","Partly Cloudy","0.0"
"2025-01-18","11:53 AM","58","42","56","SE","7","0","30.12","Partly Cloudy","0.0"
"2025-01-18","12:53 PM","59","43","55","CALM","0","0","30.09","Fair","0.0"
"2025-01-18","1:53 PM","61","43","52","W","9","17","30.07","Fair","0.0"
"2025-01-18","2:53 PM","60","44","55","WSW","12","0","30.05","Fair","0.0"
"2025-01-18","3:53 PM","59","45","60","WSW","12","0","30.05","Fair","0.0"
"2025-01-18","4:53 PM","58","46","65","W","12","0","30.06","Fair","0.0"
"2025-01-18","5:53 PM","56","47","72","W","12","0","30.07","Fair","0.0"
"2025-01-18","6:53 PM","55","47","74","W","12","0","30.08","Fair","0.0"
"2025-01-18","7:53 PM","55","47","74","W","9","0","30.08","Fair","0.0"
"2025-01-18","8:53 PM","53","47","80","WSW","5","0","30.08","Fair","0.0"
"2025-01-18","9:53 PM","53","48","83","WSW","6","0","30.08","Fair","0.0"
"2025-01-18","10:53 PM","53","48","83","W","6","0","30.09","Fair","0.0"
"2025-01-18","11:53 PM","53","47","80","CALM","0","0","30.11","Fair","0.0"
"2025-01-19","12:53 AM","52","43","71","CALM","0","0","30.11","Fair","0.0"
"2025-01-20","1:53 AM","54","45","72","E","6","0","29.99","Cloudy","0.0"
"2025-01-20","2:53 AM","54","45","72","E","6","0","29.98","Cloudy","0.0"
"2025-01-20","3:53 AM","54","44","69","E","3","0","29.98","Cloudy","0.0"
"2025-01-20","4:53 AM","53","43","69","SE","6","0","29.97","Cloudy","0.0"
"2025-01-20","5:53 AM","53","42","66","NE","6","0","29.97","Mostly Cloudy","0.0"
"2025-01-20","6:23 AM","52","42","69","ENE","3","0","29.95","Partly Cloudy","0.0"
"2025-01-20","6:53 AM","51","42","71","ENE","5","0","29.96","Partly Cloudy","0.0"
"2025-01-20","7:53 AM","51","43","74","CALM","0","0","29.96","Partly Cloudy","0.0"
"2025-01-20","8:53 AM","53","44","71","N","5","0","29.98","Haze","0.0"
"2025-01-20","9:53 AM","56","43","62","VAR","5","0","29.99","Fair","0.0"
"2025-01-20","10:53 AM","58","43","58","CALM","0","0","30.02","Fair","0.0"
"2025-01-20","11:53 AM","62","38","41","CALM","0","0","30.04","Fair","0.0"
"2025-01-20","12:53 PM","65","41","42","W","9","0","30.05","Fair","0.0"
"2025-01-20","1:53 PM","64","41","43","W","8","0","30.04","Fair","0.0"
"2025-01-20","2:53 PM","65","43","45","W","8","0","30.03","Fair","0.0"
"2025-01-20","3:53 PM","65","43","45","VAR","6","0","30.03","Fair","0.0"
"2025-01-20","4:53 PM","72","37","28","ENE","9","0","30.04","Fair","0.0"
"2025-01-20","5:53 PM","66","32","28","ESE","14","0","30.07","Fair","0.0"
"2025-01-20","6:53 PM","62","28","28","ESE","9","0","30.10","Fair","0.0"
"2025-01-20","7:53 PM","60","26","27","E","7","0","30.14","Fair","0.0"
"2025-01-20","8:53 PM","60","26","27","SSE","8","0","30.17","Fair","0.0"
"2025-01-20","9:53 PM","57","23","27","ESE","3","0","30.19","Fair","0.0"
"2025-01-20","10:53 PM","58","23","26","S","6","0","30.22","Fair","0.0"
"2025-01-20","11:53 PM","57","22","26","CALM","0","0","30.24","Fair","0.0"
"2025-01-21","12:53 AM","56","21","26","CALM","0","0","30.26","Fair","0.0"
"2025-01-21","1:53 AM","52","18","26","WNW","3","0","30.27","Fair","0.0"
"2025-01-21","2:53 AM","46","15","29","CALM","0","0","30.29","Fair","0.0"
"2025-01-21","3:53 AM","45","15","30","E","5","0","30.30","Fair","0.0"
"2025-01-21","4:53 AM","44","15","31","E","5","0","30.30","Fair","0.0"
"2025-01-21","5:53 AM","43","14","31","CALM","0","0","30.29","Fair","0.0"
"2025-01-21","6:53 AM","46","13","26","NNE","5","0","30.29","Fair","0.0"
"2025-01-21","7:53 AM","47","13","25","NE","5","0","30.29","Fair","0.0"
"2025-01-21","8:53 AM","51","18","27","CALM","0","0","30.30","Fair","0.0"
"2025-01-21","9:53 AM","56","23","28","NNW","7","0","30.30","Fair","0.0"
"2025-01-21","10:53 AM","62","28","28","NW","8","0","30.30","Fair","0.0"
"2025-01-21","11:53 AM","65","32","29","CALM","0","0","30.29","Fair","0.0"
"2025-01-21","12:53 PM","67","32","27","VAR","5","0","30.25","Fair","0.0"
"2025-01-21","1:53 PM","69","34","27","WSW","5","0","30.23","Fair","0.0"
"2025-01-21","2:53 PM","69","35","29","NW","7","0","30.19","Partly Cloudy","0.0"
"2025-01-21","3:53 PM","69","33","26","W","9","0","30.16","Fair","0.0"
"2025-01-21","4:53 PM","64","29","27","W","10","0","30.15","Partly Cloudy","0.0"
"2025-01-21","5:53 PM","61","35","38","WSW","12","0","30.15","Partly Cloudy","0.0"
"2025-01-21","6:53 PM","60","38","44","WSW","6","0","30.16","Partly Cloudy","0.0"
"2025-01-21","7:53 PM","59","32","36","CALM","0","0","30.16","Partly Cloudy","0.0"
"2025-01-21","8:53 PM","59","27","29","CALM","0","0","30.16","Partly Cloudy","0.0"
"2025-01-21","9:53 PM","60","25","26","NNE","9","0","30.16","Mostly Cloudy","0.0"
"2025-01-21","10:53 PM","59","23","25","VAR","5","0","30.16","Mostly Cloudy","0.0"
"2025-01-21","11:53 PM","57","22","26","VAR","7","0","30.17","Mostly Cloudy","0.0"
"2025-01-22","12:53 AM","58","23","26","NE","5","0","30.16","Mostly Cloudy","0.0"
"2025-01-22","1:53 AM","56","21","26","NE","7","0","30.14","Mostly Cloudy","0.0"
"2025-01-22","2:53 AM","56","21","26","CALM","0","0","30.12","Mostly Cloudy","0.0"
"2025-01-22","3:53 AM","53","19","26","NE","7","0","30.11","Mostly Cloudy","0.0"
"2025-01-22","4:53 AM","52","18","26","NE","3","0","30.09","Mostly Cloudy","0.0"
"2025-01-22","5:53 AM","54","20","26","NNE","3","0","30.08","Mostly Cloudy","0.0"
"2025-01-22","6:53 AM","57","23","27","VAR","6","0","30.08","Mostly Cloudy","0.0"
"2025-01-22","7:53 AM","54","20","26","CALM","0","0","30.09","Mostly Cloudy","0.0"
"2025-01-22","8:53 AM","53","19","26","CALM","0","0","30.09","Mostly Cloudy","0.0"
"2025-01-22","9:53 AM","63","28","27","CALM","0","0","30.09","Mostly Cloudy","0.0"
"2025-01-22","10:53 AM","69","35","29","NNW","6","0","30.10","Mostly Cloudy","0.0"
"2025-01-22","11:53 AM","69","35","29","VAR","6","0","30.10","Mostly Cloudy","0.0"
"2025-01-22","12:26 PM","70","35","28","W","7","0","30.09","Mostly Cloudy","0.0"
"2025-01-22","12:53 PM","70","35","28","W","7","0","30.07","Mostly Cloudy","0.0"
"2025-01-22","1:53 PM","71","36","28","W","6","0","30.04","Mostly Cloudy","0.0"
"2025-01-22","2:53 PM","72","37","28","W","6","0","30.02","Mostly Cloudy","0.0"
"2025-01-22","3:53 PM","71","34","26","W","9","0","30.01","Mostly Cloudy","0.0"
"2025-01-22","4:53 PM","71","36","28","SW","3","0","30.02","Partly Cloudy","0.0"
"2025-01-22","5:53 PM","66","31","27","W","6","0","30.02","Partly Cloudy","0.0"
"2025-01-22","6:53 PM","66","31","27","NW","3","0","30.03","Partly Cloudy","0.0"
"2025-01-22","7:53 PM","63","28","27","W","6","0","30.04","Partly Cloudy","0.0"
"2025-01-22","8:53 PM","64","29","27","CALM","0","0","30.05","Fair","0.0"
"2025-01-22","9:53 PM","61","27","27","CALM","0","0","30.06","Fair","0.0"
"2025-01-22","10:53 PM","59","25","27","E","6","0","30.08","Fair","0.0"
"2025-01-22","11:53 PM","61","26","26","VAR","3","0","30.09","Fair","0.0"
"2025-01-23","12:53 AM","62","28","28","VAR","3","0","30.10","Fair","0.0"
"2025-01-23","1:01 AM","60","26","27","E","3","0","30.10","Partly Cloudy","0.0"
"2025-01-23","1:53 AM","53","22","30","E","3","0","30.11","Fair","0.0"
"2025-01-23","2:53 AM","54","21","28","CALM","0","0","30.11","Fair","0.0"
"2025-01-23","3:53 AM","54","20","26","CALM","0","0","30.11","Fair","0.0"
"2025-01-23","4:53 AM","51","17","26","CALM","0","0","30.11","Fair","0.0"
"2025-01-23","5:53 AM","50","18","28","E","7","0","30.11","Fair","0.0"
"2025-01-23","6:53 AM","52","18","26","E","5","0","30.11","Fair","0.0"
"2025-01-23","7:53 AM","51","17","26","CALM","0","0","30.13","Fair","0.0"
"2025-01-23","8:53 AM","53","20","27","CALM","0","0","30.14","Fair","0.0"
"2025-01-23","9:53 AM","67","32","27","WSW","7","0","30.14","Fair","0.0"
"2025-01-23","10:53 AM","73","37","27","SSW","5","0","30.15","Fair","0.0"
"2025-01-23","11:53 AM","76","40","27","SW","6","0","30.14","Fair","0.0"
"2025-01-23","12:53 PM","79","42","27","SW","9","0","30.12","Fair","0.0"
"2025-01-23","1:53 PM","79","42","27","SW","7","0","30.09","Fair","0.0"
"2025-01-23","2:53 PM","78","40","25","WSW","13","0","30.08","Fair","0.0"
"2025-01-23","3:53 PM","76","38","25","WSW","12","0","30.06","Fair","0.0"
"2025-01-23","4:53 PM","75","39","27","SW","8","0","30.06","Fair","0.0"
"2025-01-23","5:53 PM","72","37","28","SW","7","0","30.06","Fair","0.0"
"2025-01-23","6:53 PM","72","36","27","WSW","6","0","30.07","Fair","0.0"
"2025-01-23","7:53 PM","67","33","28","W","7","0","30.08","Fair","0.0"
"2025-01-23","8:53 PM","67","33","28","WSW","6","0","30.07","Fair","0.0"
"2025-01-23","9:53 PM","65","29","26","W","5","0","30.08","Fair","0.0"
"2025-01-23","10:53 PM","63","29","28","CALM","0","0","30.08","Fair","0.0"
"2025-01-23","11:53 PM","58","24","27","VAR","3","0","30.06","Fair","0.0"
"2025-01-24","12:53 AM","62","28","28","N","7","0","30.05","Fair","0.0"
"2025-01-24","1:53 AM","61","26","26","N","8","0","30.03","Fair","0.0"
"2025-01-24","2:53 AM","59","24","26","N","10","0","30.02","Fair","0.0"
"2025-01-24","3:53 AM","58","22","25","NNE","8","0","30.01","Fair","0.0"
"2025-01-24","4:53 AM","55","21","27","NNE","10","0","29.99","Fair","0.0"
"2025-01-24","5:53 AM","56","22","27","N","9","0","29.97","Fair","0.0"
"2025-01-24","6:53 AM","57","22","26","NNE","12","0","29.98","Fair","0.0"
"2025-01-24","7:53 AM","57","22","26","NE","8","0","29.97","Fair","0.0"
"2025-01-24","8:53 AM","59","25","27","ENE","5","0","29.98","Fair","0.0"
"2025-01-24","9:53 AM","63","29","28","NNE","8","0","29.98","Fair","0.0"
"2025-01-24","10:53 AM","67","33","28","NE","8","0","29.97","Partly Cloudy","0.0"
"2025-01-24","11:53 AM","69","35","29","VAR","5","0","29.94","Mostly Cloudy","0.0"
"2025-01-24","12:53 PM","70","35","28","SSE","5","0","29.90","Mostly Cloudy","0.0"
"2025-01-24","1:53 PM","72","36","27","W","8","0","29.86","Mostly Cloudy","0.0"
"2025-01-24","2:53 PM","70","33","26","W","10","0","29.83","Mostly Cloudy","0.0"
"2025-01-24","3:53 PM","69","9","10","W","13","0","29.81","Mostly Cloudy","0.0"
"2025-01-24","4:53 PM","66","12","12","W","10","0","29.80","Mostly Cloudy","0.0"
"2025-01-24","5:53 PM","63","19","18","W","9","0","29.80","Mostly Cloudy","0.0"
"2025-01-24","6:53 PM","60","23","24","W","9","0","29.79","Mostly Cloudy","0.0"
"2025-01-24","7:53 PM","58","40","51","W","8","0","29.78","Partly Cloudy","0.0"
"2025-01-24","8:53 PM","58","41","53","CALM","0","0","29.78","Fair","0.0"
"2025-01-24","9:53 PM","57","46","67","SSE","5","0","29.77","Fair","0.0"
"2025-01-24","10:53 PM","56","44","64","SE","3","0","29.78","Fair","0.0"
"2025-01-24","11:53 PM","54","41","62","CALM","0","0","29.79","Partly Cloudy","0.0"
"2025-01-25","12:53 AM","54","45","72","SE","5","0","29.78","Partly Cloudy","0.0"
"2025-01-25","1:53 AM","51","42","71","NE","6","0","29.77","Partly Cloudy","0.0"
"2025-01-25","2:53 AM","49","35","59","ENE","6","0","29.77","Partly Cloudy","0.0"
"2025-01-25","3:53 AM","49","39","69","E","5","0","29.76","Mostly Cloudy","0.0"
"2025-01-25","4:53 AM","47","38","71","E","6","0","29.74","Mostly Cloudy","0.0"
"2025-01-25","5:53 AM","48","38","68","E","5","0","29.73","Partly Cloudy","0.0"
"2025-01-25","6:53 AM","49","33","54","E","7","0","29.73","Partly Cloudy","0.0"
"2025-01-25","7:53 AM","49","24","38","NE","5","0","29.75","Partly Cloudy","0.0"
"2025-01-25","8:53 AM","50","25","38","E","5","0","29.76","Haze","0.0"
"2025-01-25","9:53 AM","56","31","39","E","9","0","29.77","Partly Cloudy","0.0"
"2025-01-25","10:53 AM","59","38","46","ESE","10","0","29.77","Partly Cloudy","0.0"
"2025-01-25","11:53 AM","61","45","56","SSE","13","24","29.77","Mostly Cloudy","0.0"
"2025-01-25","12:20 PM","61","46","58","SE","9","0","29.77","Mostly Cloudy","0.0"
"2025-01-25","12:53 PM","60","48","64","SE","13","23","29.76","Mostly Cloudy","0.0"
"2025-01-25","1:53 PM","57","48","72","SSW","8","0","29.75","Cloudy","0.0"
"2025-01-25","2:53 PM","59","45","60","SW","14","22","29.74","Mostly Cloudy","0.0"
"2025-01-25","3:18 PM","59","43","55","SSW","12","0","29.73","Mostly Cloudy","0.0"
"2025-01-25","3:53 PM","58","44","60","SSW","14","0","29.74","Cloudy","0.0"
"2025-01-25","4:53 PM","57","45","64","SSW","10","21","29.74","Cloudy","0.0"
"2025-01-25","5:53 PM","56","46","69","S","10","18","29.77","Cloudy","0.0"
"2025-01-25","6:53 PM","56","46","69","SSE","9","0","29.77","Cloudy","0.0"
"2025-01-25","7:53 PM","56","46","69","SSE","7","0","29.79","Mostly Cloudy","0.0"
"2025-01-25","8:53 PM","56","48","75","S","8","0","29.80","Mostly Cloudy","0.0"
"2025-01-25","9:53 PM","55","47","74","S","7","0","29.81","Mostly Cloudy","0.0"
"2025-01-25","10:28 PM","55","49","80","SE","9","22","29.81","Mostly Cloudy","0.0"
"2025-01-25","10:53 PM","55","49","80","WSW","12","0","29.83","Cloudy","0.0"
"2025-01-25","11:51 PM","55","46","72","SW","10","0","29.84","Cloudy","0.0"
"2025-01-25","11:53 PM","55","46","72","SW","10","0","29.85","Cloudy","0.0"
"2025-01-26","12:53 AM","54","45","72","SW","6","0","29.85","Mostly Cloudy","0.0"
"2025-01-26","1:53 AM","53","48","83","W","5","0","29.85","Light Rain","0.0"
"2025-01-26","2:53 AM","53","45","74","W","15","0","29.85","Cloudy","0.0"
"2025-01-26","3:53 AM","52","44","74","NW","8","0","29.86","Mostly Cloudy","0.0"
"2025-01-26","4:53 AM","50","45","83","E","8","0","29.85","Mostly Cloudy","0.0"
"2025-01-26","5:53 AM","50","45","83","SE","5","0","29.86","Mostly Cloudy","0.0"
"2025-01-26","6:53 AM","50","46","86","ESE","8","0","29.87","Mostly Cloudy","0.0"
"2025-01-26","7:53 AM","50","47","89","E","10","0","29.88","Mostly Cloudy","0.0"
"2025-01-26","8:53 AM","52","49","89","E","9","0","29.90","Mostly Cloudy","0.0"
"2025-01-26","9:53 AM","52","47","83","ESE","12","0","29.92","Light Rain","0.0"
"2025-01-26","10:53 AM","54","46","75","ESE","10","0","29.93","Light Rain","0.0"
"2025-01-26","11:15 AM","52","48","86","SSE","5","0","29.95","Rain","0.1"
"2025-01-26","11:37 AM","51","47","86","ESE","5","0","29.94","Light Rain","0.3"
"2025-01-26","11:53 AM","53","46","77","VAR","3","0","29.94","Cloudy","0.3"
"2025-01-26","12:10 PM","54","49","83","E","8","0","29.93","Light Rain","0.0"
"2025-01-26","12:53 PM","55","48","77","SE","9","0","29.91","Cloudy","0.0"
"2025-01-26","1:53 PM","56","46","69","ESE","14","25","29.89","Cloudy","0.0"
"2025-01-26","2:53 PM","57","42","57","VAR","7","0","29.88","Cloudy","0.0"
"2025-01-26","3:53 PM","54","45","72","SE","10","0","29.88","Mostly Cloudy","0.0"
"2025-01-26","4:53 PM","54","47","77","E","12","0","29.88","Fair","0.0"
"2025-01-26","5:53 PM","54","46","75","E","9","0","29.87","Mostly Cloudy","0.0"
"2025-01-26","6:11 PM","54","46","75","E","13","0","29.87","Mostly Cloudy","0.0"
"2025-01-26","6:53 PM","51","47","86","E","14","0","29.88","Cloudy","0.0"
"2025-01-26","7:02 PM","51","47","86","E","12","0","29.88","Cloudy","0.0"
"2025-01-26","7:53 PM","51","47","86","E","9","0","29.88","Light Rain","0.0"
"2025-01-26","8:53 PM","51","47","86","ENE","9","0","29.89","Mostly Cloudy","0.0"
"2025-01-26","9:45 PM","51","46","83","E","8","0","29.90","Thunder","0.0"
"2025-01-26","9:53 PM","51","46","83","E","9","0","29.90","Thunder","0.0"
"2025-01-26","10:40 PM","50","46","86","E","8","0","29.90","Mostly Cloudy","0.0"
"2025-01-26","10:53 PM","50","46","86","E","7","0","29.90","Light Rain","0.0"
"2025-01-26","11:53 PM","50","45","83","WNW","12","28","29.92","Rain","0.0"
"2025-01-27","12:53 AM","49","45","86","ESE","6","0","29.93","Rain","0.2"
"2025-01-27","1:50 AM","48","46","93","NNE","5","0","29.93","Rain","0.3"
"2025-01-27","1:53 AM","49","47","93","NNE","5","0","29.93","Rain","0.3"
"2025-01-27","2:53 AM","48","46","93","NE","8","0","29.92","Light Rain","0.1"
"2025-01-27","3:53 AM","48","44","86","NE","9","0","29.91","Mostly Cloudy","0.0"
"2025-01-27","4:53 AM","48","44","86","ENE","6","0","29.91","Mostly Cloudy","0.0"
"2025-01-27","5:53 AM","48","44","86","CALM","0","0","29.91","Mostly Cloudy","0.0"
"2025-01-27","6:53 AM","48","44","86","NNE","3","0","29.93","Mostly Cloudy","0.0"
"2025-01-27","7:53 AM","49","44","83","NNE","5","0","29.94","Mostly Cloudy","0.0"
"2025-01-27","8:53 AM","50","44","80","NNE","6","0","29.97","Mostly Cloudy","0.0"
"2025-01-27","9:28 AM","52","44","74","NNE","6","0","29.97","Mostly Cloudy","0.0"
"2025-01-27","9:53 AM","53","44","71","VAR","7","0","29.98","Mostly Cloudy","0.0"
"2025-01-27","10:53 AM","55","44","67","SE","6","0","30.00","Mostly Cloudy","0.0"
"2025-01-27","11:53 AM","55","43","64","ESE","7","0","30.00","Mostly Cloudy","0.0"
"2025-01-27","12:53 PM","58","42","56","VAR","5","0","29.98","Mostly Cloudy","0.0"
"2025-01-27","1:53 PM","56","44","64","SW","7","0","29.96","Mostly Cloudy","0.0"
"2025-01-27","2:53 PM","57","44","62","W","9","0","29.94","Partly Cloudy","0.0"
"2025-01-27","3:53 PM","57","45","64","W","15","0","29.95","Fair","0.0"
"2025-01-27","4:53 PM","56","43","62","W","14","0","29.94","Fair","0.0"
"2025-01-27","5:53 PM","56","42","60","W","12","0","29.94","Fair","0.0"
"2025-01-27","6:53 PM","55","43","64","SW","7","0","29.95","Fair","0.0"
"2025-01-27","7:53 PM","54","45","72","SW","7","0","29.95","Fair","0.0"
"2025-01-27","8:53 PM","54","46","75","SW","12","0","29.96","Fair","0.0"
"2025-01-27","9:53 PM","54","46","75","WNW","5","0","29.96","Fair","0.0"
"2025-01-27","10:53 PM","53","45","74","VAR","3","0","29.97","Fair","0.0"
"2025-01-27","11:53 PM","51","43","74","CALM","0","0","29.97","Fair","0.0"
"2025-01-28","12:53 AM","52","43","71","ENE","5","0","29.96","Fair","0.0"
"2025-01-28","1:53 AM","49","43","80","E","5","0","29.95","Fair","0.0"
"2025-01-28","2:53 AM","46","42","86","E","6","0","29.95","Fair","0.0"
"2025-01-28","3:53 AM","46","42","86","ESE","3","0","29.94","Fair","0.0"
"2025-01-28","4:53 AM","46","41","83","E","6","0","29.93","Fair","0.0"
"2025-01-28","5:53 AM","46","40","79","ENE","5","0","29.92","Partly Cloudy","0.0"
"2025-01-28","6:53 AM","45","40","82","ENE","5","0","29.93","Partly Cloudy","0.0"
"2025-01-28","7:53 AM","47","40","77","NE","3","0","29.94","Mostly Cloudy","0.0"
"2025-01-28","8:53 AM","48","41","77","E","7","0","29.94","Mostly Cloudy","0.0"
"2025-01-28","9:53 AM","51","42","71","VAR","5","0","29.95","Mostly Cloudy","0.0"
"2025-01-28","10:53 AM","54","43","66","E","6","0","29.96","Mostly Cloudy","0.0"
"2025-01-28","11:53 AM","57","44","62","VAR","5","0","29.94","Mostly Cloudy","0.0"
"2025-01-28","12:53 PM","58","43","58","CALM","0","0","29.92","Mostly Cloudy","0.0"
"2025-01-28","1:53 PM","59","46","62","WSW","12","0","29.90","Partly Cloudy","0.0"
"2025-01-28","2:53 PM","58","48","70","WSW","12","0","29.88","Partly Cloudy","0.0"
"2025-01-28","3:53 PM","58","48","70","W","10","0","29.88","Fair","0.0"
"2025-01-28","4:53 PM","57","47","69","WSW","9","0","29.87","Fair","0.0"
"2025-01-28","5:53 PM","56","48","75","WSW","9","0","29.88","Fair","0.0"
"2025-01-28","6:53 PM","54","45","72","WSW","6","0","29.88","Fair","0.0"
"2025-01-28","7:53 PM","54","44","69","W","3","0","29.89","Fair","0.0"
"2025-01-28","8:53 PM","55","45","69","CALM","0","0","29.91","Fair","0.0"
"2025-01-28","9:53 PM","53","45","74","CALM","0","0","29.91","Fair","0.0"
"2025-01-28","10:53 PM","52","45","77","E","6","0","29.93","Fair","0.0"
"2025-01-28","11:53 PM","51","46","83","ENE","5","0","29.94","Partly Cloudy","0.0"
"2025-01-29","12:53 AM","51","47","86","E","8","0","29.94","Partly Cloudy","0.0"
"2025-01-29","1:53 AM","51","47","86","VAR","3","0","29.93","Partly Cloudy","0.0"
"2025-01-29","2:53 AM","48","46","93","CALM","0","0","29.93","Partly Cloudy","0.0"
"2025-01-29","3:53 AM","49","46","90","CALM","0","0","29.94","Partly Cloudy","0.0"
"2025-01-29","4:53 AM","49","45","86","CALM","0","0","29.95","Partly Cloudy","0.0"
"2025-01-29","4:57 AM","49","45","86","CALM","0","0","29.95","Mostly Cloudy","0.0"
"2025-01-29","5:47 AM","50","45","83","ENE","3","0","29.95","Partly Cloudy","0.0"
"2025-01-29","5:53 AM","49","45","86","CALM","0","0","29.95","Partly Cloudy","0.0"
"2025-01-29","6:53 AM","49","45","86","CALM","0","0","29.97","Fair","0.0"
"2025-01-29","7:53 AM","49","45","86","NNE","5","0","29.99","Partly Cloudy","0.0"
"2025-01-29","8:53 AM","52","45","77","CALM","0","0","30.00","Partly Cloudy","0.0"
"2025-01-29","9:53 AM","55","46","72","VAR","5","0","30.03","Partly Cloudy","0.0"
"2025-01-29","10:53 AM","56","46","69","E","7","0","30.04","Fair","0.0"
"2025-01-29","11:53 AM","60","45","57","CALM","0","0","30.03","Partly Cloudy","0.0"
"2025-01-29","12:53 PM","58","46","65","WSW","6","0","30.02","Mostly Cloudy","0.0"
"2025-01-29","1:53 PM","60","44","55","SW","8","0","29.98","Partly Cloudy","0.0"
"2025-01-29","2:53 PM","60","44","55","W","10","0","29.96","Partly Cloudy","0.0"
"2025-01-29","3:53 PM","58","46","65","WSW","14","0","29.97","Fair","0.0"
"2025-01-29","4:53 PM","57","48","72","W","14","0","29.96","Fair","0.0"
"2025-01-29","5:53 PM","56","48","75","WSW","13","0","29.97","Partly Cloudy","0.0"
"2025-01-29","6:53 PM","55","48","77","W","12","0","29.98","Fair","0.0"
"2025-01-29","7:53 PM","54","48","80","WSW","12","0","30.00","Fair","0.0"
"2025-01-29","8:53 PM","54","47","77","W","8","0","30.00","Fair","0.0"
"2025-01-29","9:53 PM","53","47","80","W","5","0","30.01","Fair","0.0"
"2025-01-29","10:53 PM","54","47","77","S","3","0","30.03","Fair","0.0"
"2025-01-29","11:53 PM","52","47","83","SSE","5","0","30.05","Fair","0.0"
"2025-01-30","12:50 AM","54","46","77","SE","6","0","30.05","Mostly Cloudy","0.0"
"2025-01-30","12:53 AM","52","47","83","ESE","3","0","30.05","Mostly Cloudy","0.0"
"2025-01-30","1:53 AM","50","47","89","CALM","0","0","30.06","Mostly Cloudy","0.0"
"2025-01-30","2:50 AM","52","46","82","E","3","0","30.06","Mostly Cloudy","0.0"
"2025-01-30","2:53 AM","51","47","86","E","3","0","30.06","Mostly Cloudy","0.0"
"2025-01-30","3:53 AM","51","47","86","ENE","5","0","30.06","Mostly Cloudy","0.0"
"2025-01-30","4:53 AM","51","47","86","ENE","6","0","30.07","Cloudy","0.0"
"2025-01-30","5:53 AM","51","47","86","E","5","0","30.07","Cloudy","0.0"
"2025-01-30","6:39 AM","52","47","83","VAR","3","0","30.08","Cloudy","0.0"
"2025-01-30","6:53 AM","51","47","86","ENE","6","0","30.08","Cloudy","0.0"
"2025-01-30","7:53 AM","52","46","80","E","5","0","30.08","Cloudy","0.0"
"2025-01-30","8:53 AM","53","47","80","ESE","3","0","30.10","Haze","0.0"
"2025-01-30","9:53 AM","55","47","74","ESE","6","0","30.11","Cloudy","0.0"
"2025-01-30","10:53 AM","56","45","67","SSW","3","0","30.13","Cloudy","0.0"
"2025-01-30","11:53 AM","56","46","69","WSW","8","0","30.14","Cloudy","0.0"
"2025-01-30","12:53 PM","57","45","64","VAR","7","0","30.14","Cloudy","0.0"
"2025-01-30","1:53 PM","57","45","64","W","6","0","30.11","Mostly Cloudy","0.0"
"2025-01-30","2:53 PM","57","45","64","W","6","0","30.10","Mostly Cloudy","0.0"
"2025-01-30","3:53 PM","57","45","64","SW","8","0","30.09","Mostly Cloudy","0.0"
"2025-01-30","4:53 PM","57","46","67","WSW","8","22","30.08","Fair","0.0"
"2025-01-30","5:53 PM","56","45","67","W","10","0","30.08","Fair","0.0"
"2025-01-30","6:53 PM","55","45","69","W","6","0","30.07","Fair","0.0"
"2025-01-30","7:53 PM","53","46","77","W","8","0","30.08","Fair","0.0"
"2025-01-30","8:53 PM","54","46","75","W","8","0","30.09","Fair","0.0"
"2025-01-30","9:53 PM","54","46","75","W","12","0","30.10","Fair","0.0"
"2025-01-30","10:53 PM","53","46","77","NW","5","0","30.12","Fair","0.0"
"2025-01-30","11:53 PM","53","44","71","VAR","5","0","30.11","Fair","0.0"
"2025-01-31","12:53 AM","53","44","71","CALM","0","0","30.12","Fair","0.0"
"2025-01-31","1:53 AM","50","44","80","NNE","5","0","30.11","Fair","0.0"
"2025-01-31","2:53 AM","48","44","86","CALM","0","0","30.11","Fair","0.0"
"2025-01-31","3:53 AM","47","43","86","VAR","3","0","30.11","Fair","0.0"
"2025-01-31","4:53 AM","45","41","86","VAR","3","0","30.10","Fair","0.0"
"2025-01-31","5:53 AM","46","42","86","ENE","3","0","30.10","Partly Cloudy","0.0"
"2025-01-31","6:53 AM","45","41","86","E","3","0","30.11","Partly Cloudy","0.0"
"2025-01-31","7:53 AM","46","41","83","VAR","3","0","30.13","Mostly Cloudy","0.0"
"2025-01-31","8:53 AM","47","42","83","N","5","0","30.14","Mostly Cloudy","0.0"
"2025-01-31","9:53 AM","53","43","69","CALM","0","0","30.15","Mostly Cloudy","0.0"
"2025-01-31","10:53 AM","56","43","62","CALM","0","0","30.17","Mostly Cloudy","0.0"
"2025-01-31","11:53 AM","58","45","62","WNW","6","0","30.16","Mostly Cloudy","0.0"
"2025-01-31","12:53 PM","60","45","57","W","9","0","30.14","Mostly Cloudy","0.0"
"2025-01-31","1:53 PM","58","47","67","WSW","8","0","30.11","Mostly Cloudy","0.0"
"2025-01-31","2:53 PM","58","48","70","W","9","0","30.08","Mostly Cloudy","0.0"
"2025-01-31","3:53 PM","59","49","69","W","13","0","30.06","Mostly Cloudy","0.0"
"2025-01-31","4:53 PM","58","49","72","W","15","0","30.07","Mostly Cloudy","0.0"
"2025-01-31","5:53 PM","56","49","77","W","15","0","30.06","Partly Cloudy","0.0"
"2025-01-31","6:53 PM","55","49","80","W","14","0","30.07","Partly Cloudy","0.0"
"2025-01-31","7:53 PM","54","50","86","WSW","8","0","30.07","Partly Cloudy","0.0"
"2025-01-31","8:53 PM","55","51","86","WSW","7","0","30.07","Partly Cloudy","0.0"
"2025-01-31","9:53 PM","55","50","83","SW","6","0","30.06","Partly Cloudy","0.0"
"2025-01-31","10:53 PM","54","50","86","E","5","0","30.06","Partly Cloudy","0.0"
"2025-01-31","11:53 PM","52","49","89","ENE","5","0","30.06","Partly Cloudy","0.0"
"2025-02-01","12:53 AM","54","49","83","CALM","0","0","30.05","Partly Cloudy","0.0"
"2025-01-06","1:53 AM","55","35","47","CALM","0","0","29.97","Fair","0.0"
"2025-01-06","2:53 AM","55","34","45","CALM","0","0","29.96","Fair","0.0"
"2025-01-06","3:53 AM","51","37","59","CALM","0","0","29.96","Fair","0.0"
"2025-01-06","4:53 AM","52","33","49","CALM","0","0","29.96","Fair","0.0"
"2025-01-06","5:53 AM","50","36","59","CALM","0","0","29.95","Fair","0.0"
"2025-01-06","6:53 AM","50","35","57","CALM","0","0","29.95","Partly Cloudy","0.0"
"2025-01-06","7:53 AM","52","37","57","CALM","0","0","29.96","Partly Cloudy","0.0"
"2025-01-06","8:53 AM","54","33","45","E","6","0","29.96","Fair","0.0"
"2025-01-06","9:53 AM","59","33","38","SE","5","0","29.96","Fair","0.0"
"2025-01-06","10:53 AM","65","33","31","CALM","0","0","29.97","Fair","0.0"
"2025-01-06","11:53 AM","70","35","28","CALM","0","0","29.95","Fair","0.0"
"2025-01-06","12:53 PM","70","36","29","CALM","0","0","29.91","Fair","0.0"
"2025-01-06","1:53 PM","70","38","31","W","7","0","29.87","Partly Cloudy","0.0"
"2025-01-06","2:53 PM","67","45","45","W","9","0","29.86","Partly Cloudy","0.0"
"2025-01-06","3:53 PM","65","50","58","WSW","12","0","29.85","Partly Cloudy","0.0"
"2025-01-06","4:53 PM","62","54","75","SW","8","0","29.85","Partly Cloudy","0.0"
"2025-01-06","5:53 PM","60","54","80","W","7","0","29.86","Partly Cloudy","0.0"
"2025-01-06","6:53 PM","60","49","67","SW","3","0","29.84","Partly Cloudy","0.0"
"2025-01-06","7:53 PM","60","49","67","CALM","0","0","29.84","Mostly Cloudy","0.0"
"2025-01-06","8:53 PM","59","49","69","SSE","3","0","29.84","Mostly Cloudy","0.0"
"2025-01-06","9:53 PM","60","49","67","VAR","3","0","29.84","Mostly Cloudy","0.0"
"2025-01-06","10:53 PM","59","0","0","E","5","0","29.84","Mostly Cloudy","0.0"
"2025-01-06","11:53 PM","57","54","89","E","3","0","29.84","Mostly Cloudy","0.0"
"2025-01-07","12:53 AM","58","55","90","VAR","3","0","29.83","Mostly Cloudy","0.0"
"2025-01-07","1:50 AM","55","54","94","NE","3","0","29.81","Mostly Cloudy","0.0"
"2025-01-07","1:53 AM","55","53","93","CALM","0","0","29.80","Mostly Cloudy","0.0"
"2025-01-07","2:53 AM","53","51","93","CALM","0","0","29.80","Mostly Cloudy","0.0"
"2025-01-07","3:53 AM","53","51","93","SE","3","0","29.80","Fair","0.0"
"2025-01-07","4:53 AM","51","50","96","CALM","0","0","29.79","Mostly Cloudy","0.0"
"2025-01-07","5:53 AM","50","48","93","CALM","0","0","29.80","Partly Cloudy","0.0"
"2025-01-07","6:53 AM","51","48","89","SE","5","0","29.80","Partly Cloudy","0.0"
"2025-01-07","7:53 AM","50","48","93","CALM","0","0","29.82","Mostly Cloudy","0.0"
"2025-01-07","8:53 AM","52","50","93","SSE","3","0","29.83","Mostly Cloudy","0.0"
"2025-01-07","9:53 AM","57","50","77","E","3","0","29.85","Mostly Cloudy","0.0"
"2025-01-07","10:53 AM","65","37","36","N","10","0","29.85","Mostly Cloudy","0.0"
"2025-01-07","11:53 AM","69","34","27","NNE","23","30","29.85","Mostly Cloudy / Windy","0.0"
"2025-01-07","12:53 PM","71","35","27","NNE","14","29","29.83","Mostly Cloudy","0.0"
"2025-01-07","1:53 PM","71","36","28","NNE","14","26","29.80","Partly Cloudy","0.0"
"2025-01-07","2:53 PM","72","36","27","NNE","25","37","29.79","Partly Cloudy / Windy","0.0"
"2025-01-07","3:53 PM","71","36","28","NNE","25","33","29.80","Fair / Windy","0.0"
"2025-01-07","4:53 PM","70","35","28","NNE","21","36","29.79","Fair / Windy","0.0"
"2025-01-07","5:53 PM","68","32","26","NNE","25","41","29.81","Fair / Windy","0.0"
"2025-01-07","6:53 PM","67","32","27","NNE","21","31","29.84","Fair / Windy","0.0"
"2025-01-07","7:53 PM","66","32","28","NNE","29","43","29.87","Fair / Windy","0.0"
"2025-01-07","8:53 PM","66","31","27","NNE","23","40","29.89","Fair / Windy","0.0"
"2025-01-07","9:53 PM","64","31","29","NNE","18","32","29.89","Fair","0.0"
"2025-01-07","10:53 PM","64","30","28","NNE","20","31","29.90","Fair","0.0"
"2025-01-07","11:20 PM","64","28","26","NNE","22","35","29.91","Partly Cloudy / Windy","0.0"
"2025-01-07","11:53 PM","64","28","26","NNE","20","40","29.92","Partly Cloudy","0.0"
"2025-01-08","12:53 AM","63","28","27","NNE","18","32","29.92","Partly Cloudy","0.0"
"2025-01-08","1:53 AM","62","27","26","NNE","14","23","29.91","Mostly Cloudy","0.0"
"2025-01-08","2:53 AM","61","27","27","N","10","0","29.93","Mostly Cloudy","0.0"
"2025-01-08","3:53 AM","62","27","26","NNE","9","22","29.93","Partly Cloudy","0.0"
"2025-01-08","4:53 AM","62","28","28","N","9","0","29.94","Mostly Cloudy","0.0"
"2025-01-08","5:53 AM","63","28","27","NNE","9","20","29.92","Mostly Cloudy","0.0"
"2025-01-08","6:49 AM","61","27","27","ESE","12","18","29.95","Cloudy","0.0"
"2025-01-08","6:53 AM","62","28","28","E","12","25","29.95","Cloudy","0.0"
"2025-01-08","7:53 AM","62","29","29","VAR","5","0","29.97","Mostly Cloudy","0.0"
"2025-01-08","8:53 AM","60","27","28","WSW","8","0","30.00","Mostly Cloudy","0.0"
"2025-01-08","9:53 AM","63","30","29","N","17","31","30.01","Mostly Cloudy","0.0"
"2025-01-08","10:53 AM","64","31","29","NNE","15","31","30.02","Mostly Cloudy","0.0"
"2025-01-08","11:53 AM","66","33","29","NE","13","0","29.99","Mostly Cloudy","0.0"
"2025-01-08","12:53 PM","69","35","29","NNE","21","33","29.95","Mostly Cloudy / Windy","0.0"
"2025-01-08","1:53 PM","72","38","29","N","17","26","29.93","Mostly Cloudy","0.0"
"2025-01-08","2:53 PM","73","39","29","N","16","25","29.92","Mostly Cloudy","0.0"
"2025-01-08","3:53 PM","73","39","29","N","14","23","29.91","Mostly Cloudy","0.0"
"2025-01-08","4:53 PM","72","38","29","N","10","23","29.92","Mostly Cloudy","0.0"
"2025-01-08","5:53 PM","70","36","29","NNE","10","21","29.91","Mostly Cloudy","0.0"
"2025-01-08","6:53 PM","67","33","28","ENE","3","0","29.93","Partly Cloudy","0.0"
"2025-01-08","7:53 PM","66","34","30","NNW","10","0","29.94","Partly Cloudy","0.0"
"2025-01-08","8:53 PM","64","31","29","N","7","0","29.95","Fair","0.0"
"2025-01-08","9:53 PM","65","32","29","N","8","0","29.95","Mostly Cloudy","0.0"
"2025-01-08","10:53 PM","56","25","30","E","3","0","29.96","Partly Cloudy","0.0"
"2025-01-08","11:53 PM","59","23","25","CALM","0","0","29.96","Partly Cloudy","0.0"
"2025-01-09","12:53 AM","59","23","25","NNE","9","0","29.94","Partly Cloudy","0.0"
"2025-01-09","1:53 AM","56","21","26","NE","6","0","29.94","Partly Cloudy","0.0"
"2025-01-09","2:53 AM","54","19","25","ESE","5","0","29.95","Partly Cloudy","0.0"
"2025-01-09","3:53 AM","50","18","28","E","5","0","29.96","Partly Cloudy","0.0"
"2025-01-09","4:50 AM","52","18","26","E","3","0","29.94","Mostly Cloudy","0.0"
"2025-01-09","4:53 AM","50","17","27","E","3","0","29.94","Mostly Cloudy","0.0"
"2025-01-09","5:12 AM","47","20","34","E","5","0","29.94","Mostly Cloudy","0.0"
"2025-01-09","5:53 AM","46","22","39","ESE","5","0","29.94","Mostly Cloudy","0.0"
"2025-01-09","6:53 AM","48","20","33","CALM","0","0","29.95","Partly Cloudy","0.0"
"2025-01-09","7:53 AM","48","20","33","ESE","3","0","29.96","Haze","0.0"
"2025-01-09","8:53 AM","50","21","32","E","3","0","29.97","Haze","0.0"
"2025-01-09","9:53 AM","55","21","27","ESE","7","0","29.98","Haze","0.0"
"2025-01-09","10:53 AM","59","25","27","E","3","0","30.00","Mostly Cloudy","0.0"
"2025-01-09","11:53 AM","63","28","27","SE","5","0","29.99","Haze","0.0"
"2025-01-09","12:53 PM","67","33","28","N","6","0","29.97","Haze","0.0"
"2025-01-09","1:53 PM","64","39","40","W","7","0","29.94","Partly Cloudy","0.0"
"2025-01-09","2:53 PM","64","41","43","W","8","0","29.92","Partly Cloudy","0.0"
"2025-01-09","3:53 PM","63","44","50","W","8","0","29.92","Fair","0.0"
"2025-01-09","4:53 PM","63","39","41","WSW","7","0","29.93","Fair","0.0"
"2025-01-09","5:53 PM","60","41","49","W","7","0","29.94","Fair","0.0"
"2025-01-09","6:53 PM","57","43","59","W","7","0","29.97","Fair","0.0"
"2025-01-09","7:53 PM","56","46","69","WSW","5","0","29.98","Fair","0.0"
"2025-01-09","8:53 PM","55","48","77","SE","8","0","30.02","Fair","0.0"
"2025-01-09","9:53 PM","54","43","66","SE","3","0","30.05","Fair","0.0"
"2025-01-09","10:53 PM","54","36","51","NE","3","0","30.07","Fair","0.0"
"2025-01-09","11:53 PM","54","31","41","CALM","0","0","30.09","Fair","0.0"
"2025-01-10","12:53 AM","59","30","33","W","6","0","30.09","Fair","0.0"
"2025-02-01","1:53 AM","50","48","93","SE","5","0","30.04","Fair","0.0"
"2025-02-01","2:53 AM","50","48","93","ENE","3","0","30.04","Fair","0.0"
"2025-02-01","3:53 AM","50","47","89","E","5","0","30.02","Fair","0.0"
"2025-02-01","4:53 AM","50","47","89","NE","5","0","30.02","Fair","0.0"
"2025-02-01","5:53 AM","48","45","89","ESE","3","0","30.00","Fair","0.0"
"2025-02-01","6:53 AM","49","45","86","E","3","0","30.01","Fair","0.0"
"2025-02-01","7:53 AM","49","45","86","CALM","0","0","30.01","Partly Cloudy","0.0"
"2025-02-01","8:53 AM","52","46","80","CALM","0","0","30.02","Partly Cloudy","0.0"
"2025-02-01","9:53 AM","56","46","69","SE","5","0","30.03","Partly Cloudy","0.0"
"2025-02-01","10:53 AM","61","46","58","CALM","0","0","30.04","Fair","0.0"
"2025-02-01","11:53 AM","64","46","52","CALM","0","0","30.03","Fair","0.0"
"2025-02-01","12:53 PM","65","50","58","VAR","6","0","30.02","Fair","0.0"
"2025-02-01","1:53 PM","63","49","60","W","9","0","29.99","Fair","0.0"
"2025-02-01","2:53 PM","63","48","58","WSW","9","0","29.96","Fair","0.0"
"2025-02-01","3:53 PM","62","50","65","WSW","12","0","29.95","Partly Cloudy","0.0"
"2025-02-01","4:53 PM","61","53","75","W","13","0","29.95","Partly Cloudy","0.0"
"2025-02-01","5:53 PM","59","53","81","W","10","0","29.94","Partly Cloudy","0.0"
"2025-02-01","6:53 PM","58","55","90","WSW","10","0","29.94","Mostly Cloudy","0.0"
"2025-02-01","7:05 PM","58","56","93","W","8","0","29.95","Mostly Cloudy","0.0"
"2025-02-01","7:32 PM","57","56","96","SW","6","0","29.95","Mostly Cloudy","0.0"
"2025-02-01","7:53 PM","57","56","96","SW","6","0","29.95","Mostly Cloudy","0.0"
"2025-02-01","8:28 PM","58","57","97","W","12","0","29.95","Mostly Cloudy","0.0"
"2025-02-01","8:53 PM","58","57","97","W","9","0","29.95","Mostly Cloudy","0.0"
"2025-02-01","9:53 PM","58","57","97","W","5","0","29.96","Mostly Cloudy","0.0"
"2025-02-01","10:39 PM","58","57","97","SW","6","0","29.96","Mostly Cloudy","0.0"
"2025-02-01","10:53 PM","58","57","97","W","3","0","29.96","Mostly Cloudy","0.0"
"2025-02-01","11:53 PM","58","57","97","E","6","0","29.98","Cloudy","0.0"
"2025-02-02","12:53 AM","58","57","97","E","3","0","29.97","Cloudy","0.0"
"2025-02-10","1:53 AM","53","49","86","NNE","3","0","29.92","Mostly Cloudy","0.0"
"2025-02-10","2:53 AM","52","47","83","CALM","0","0","29.91","Partly Cloudy","0.0"
"2025-02-10","3:34 AM","51","46","83","NE","3","0","29.91","Partly Cloudy","0.0"
"2025-02-10","3:53 AM","50","46","86","E","3","0","29.90","Partly Cloudy","0.0"
"2025-02-10","4:53 AM","50","45","83","E","3","0","29.90","Partly Cloudy","0.0"
"2025-02-10","5:53 AM","49","45","86","CALM","0","0","29.91","Mostly Cloudy","0.0"
"2025-02-10","6:53 AM","47","45","93","ENE","5","0","29.91","Partly Cloudy","0.0"
"2025-02-10","7:53 AM","49","46","90","NE","5","0","29.92","Mostly Cloudy","0.0"
"2025-02-10","8:08 AM","51","46","83","NE","5","0","29.92","Mostly Cloudy","0.0"
"2025-02-10","8:53 AM","52","46","80","E","3","0","29.93","Mostly Cloudy","0.0"
"2025-02-10","9:05 AM","53","47","80","E","3","0","29.93","Mostly Cloudy","0.0"
"2025-02-10","9:53 AM","55","48","77","E","8","0","29.94","Partly Cloudy","0.0"
"2025-02-10","10:28 AM","56","48","75","E","8","0","29.94","Mostly Cloudy","0.0"
"2025-02-10","10:53 AM","58","49","72","E","8","0","29.94","Mostly Cloudy","0.0"
"2025-02-10","11:42 AM","59","47","64","ESE","5","0","29.94","Mostly Cloudy","0.0"
"2025-02-10","11:53 AM","60","47","62","E","8","0","29.94","Mostly Cloudy","0.0"
"2025-02-10","12:53 PM","59","45","60","VAR","5","0","29.92","Mostly Cloudy","0.0"
"2025-02-10","1:53 PM","59","49","69","WSW","10","0","29.89","Mostly Cloudy","0.0"
"2025-02-10","2:53 PM","61","49","64","W","12","0","29.87","Mostly Cloudy","0.0"
"2025-02-10","3:53 PM","61","48","62","WSW","12","0","29.85","Fair","0.0"
"2025-02-10","4:53 PM","59","48","67","WSW","12","0","29.85","Fair","0.0"
"2025-02-10","5:53 PM","57","48","72","WSW","9","0","29.86","Fair","0.0"
"2025-02-10","6:53 PM","56","47","72","SW","9","0","29.87","Fair","0.0"
"2025-02-10","7:53 PM","56","49","77","W","6","0","29.87","Partly Cloudy","0.0"
"2025-02-10","8:53 PM","56","49","77","W","5","0","29.88","Cloudy","0.0"
"2025-02-10","9:53 PM","56","49","77","WSW","3","0","29.90","Mostly Cloudy","0.0"
"2025-02-10","10:53 PM","56","49","77","E","5","0","29.90","Cloudy","0.0"
"2025-02-10","11:53 PM","55","46","72","ESE","7","0","29.89","Mostly Cloudy","0.0"
"2025-02-11","12:53 AM","53","44","71","E","9","0","29.87","Mostly Cloudy","0.0"
"2025-02-02","1:53 AM","58","56","93","E","6","0","29.96","Cloudy","0.0"
"2025-02-02","2:53 AM","58","56","93","CALM","0","0","29.97","Cloudy","0.0"
"2025-02-02","3:53 AM","57","54","89","ENE","5","0","29.96","Cloudy","0.0"
"2025-02-02","4:53 AM","55","53","93","ESE","3","0","29.97","Mostly Cloudy","0.0"
"2025-02-02","5:53 AM","56","54","93","SE","5","0","29.97","Mist","0.0"
"2025-02-02","6:53 AM","56","54","93","SE","8","0","29.97","Mist","0.0"
"2025-02-02","7:53 AM","55","53","93","ESE","6","0","29.98","Mist","0.0"
"2025-02-02","8:10 AM","55","54","96","ENE","5","0","29.99","Mist","0.0"
"2025-02-02","8:53 AM","55","54","96","VAR","5","0","29.99","Mist","0.0"
"2025-02-02","9:20 AM","55","54","96","E","3","0","30.00","Mist","0.0"
"2025-02-02","9:53 AM","55","54","96","SSE","3","0","30.00","Mist","0.0"
"2025-02-02","10:23 AM","55","54","96","CALM","0","0","30.00","Mist","0.0"
"2025-02-02","10:53 AM","56","54","93","ESE","3","0","30.00","Mist","0.0"
"2025-02-02","11:10 AM","58","54","87","ESE","3","0","30.00","Mist","0.0"
"2025-02-02","11:53 AM","62","53","72","CALM","0","0","29.98","Haze","0.0"
"2025-02-02","12:53 PM","65","55","70","CALM","0","0","29.95","Haze","0.0"
"2025-02-02","1:53 PM","63","55","75","W","10","0","29.93","Haze","0.0"
"2025-02-02","2:53 PM","62","55","78","W","9","0","29.90","Haze","0.0"
"2025-02-02","3:53 PM","59","55","87","W","10","0","29.89","Mist","0.0"
"2025-02-02","3:58 PM","59","55","87","W","10","0","29.89","Mist","0.0"
"2025-02-02","4:31 PM","57","54","89","W","12","0","29.89","Mist","0.0"
"2025-02-02","4:53 PM","57","55","93","W","10","0","29.89","Mist","0.0"
"2025-02-02","5:38 PM","56","54","93","WNW","9","0","29.89","Fog","0.0"
"2025-02-02","5:53 PM","56","54","93","W","10","0","29.89","Fog","0.0"
"2025-02-02","6:51 PM","54","54","100","W","10","0","29.89","Fog","0.0"
"2025-02-02","6:53 PM","54","54","100","W","12","0","29.89","Fog","0.0"
"2025-02-02","7:27 PM","55","54","96","W","9","0","29.89","Fog","0.0"
"2025-02-02","7:53 PM","54","54","100","W","9","0","29.89","Fog","0.0"
"2025-02-02","8:51 PM","55","55","100","W","5","0","29.89","Fog","0.0"
"2025-02-02","8:53 PM","55","55","100","VAR","3","0","29.89","Fog","0.0"
"2025-02-02","9:19 PM","54","54","100","W","7","0","29.89","Mist","0.0"
"2025-02-02","9:53 PM","54","54","100","WSW","5","0","29.89","Mist","0.0"
"2025-02-02","10:30 PM","53","53","100","SW","5","0","29.89","Mist","0.0"
"2025-02-02","10:53 PM","54","54","100","SW","5","0","29.89","Fog","0.0"
"2025-02-02","11:32 PM","53","53","100","W","5","0","29.90","Fog","0.0"
"2025-02-02","11:49 PM","54","54","100","W","6","0","29.89","Fog","0.0"
"2025-02-02","11:53 PM","53","53","100","W","6","0","29.89","Fog","0.0"
"2025-02-03","12:53 AM","53","53","100","SW","3","0","29.89","Fog","0.0"
"2025-02-03","1:53 AM","53","52","96","CALM","0","0","29.87","Fog","0.0"
"2025-02-03","2:20 AM","52","52","100","WSW","3","0","29.87","Fog","0.0"
"2025-02-03","2:53 AM","53","53","100","W","6","0","29.87","Fog","0.0"
"2025-02-03","3:01 AM","53","53","100","W","7","0","29.87","Fog","0.0"
"2025-02-03","3:53 AM","53","52","96","CALM","0","0","29.87","Fog","0.0"
"2025-02-03","4:53 AM","53","52","96","CALM","0","0","29.85","Fog","0.0"
"2025-02-03","5:53 AM","52","52","100","CALM","0","0","29.84","Fog","0.0"
"2025-02-03","6:53 AM","52","51","97","CALM","0","0","29.84","Fog","0.0"
"2025-02-03","7:53 AM","51","51","100","W","3","0","29.85","Fog","0.0"
"2025-02-03","8:35 AM","52","51","97","W","7","0","29.86","Fog","0.0"
"2025-02-03","8:50 AM","52","52","100","WSW","5","0","29.86","Fog","0.0"
"2025-02-03","8:53 AM","51","51","100","SW","5","0","29.86","Fog","0.0"
"2025-02-03","9:06 AM","51","51","100","CALM","0","0","29.86","Fog","0.0"
"2025-02-03","9:20 AM","52","51","97","CALM","0","0","29.86","Fog","0.0"
"2025-02-03","9:26 AM","51","51","100","CALM","0","0","29.87","Fog","0.0"
"2025-02-03","9:42 AM","52","51","97","S","5","0","29.87","Fog","0.0"
"2025-02-03","9:53 AM","52","52","100","SW","6","0","29.87","Fog","0.0"
"2025-02-03","10:27 AM","53","52","96","SW","3","0","29.87","Fog","0.0"
"2025-02-03","10:53 AM","54","53","97","S","3","0","29.87","Mist","0.0"
"2025-02-03","11:22 AM","55","53","93","CALM","0","0","29.87","Mist","0.0"
"2025-02-03","11:36 AM","57","53","87","SW","6","0","29.87","Mist","0.0"
"2025-02-03","11:53 AM","59","53","81","W","5","0","29.87","Haze","0.0"
"2025-02-03","12:26 PM","58","53","84","WSW","8","0","29.86","Haze","0.0"
"2025-02-03","12:53 PM","56","52","87","W","10","0","29.85","Mist","0.0"
"2025-02-03","1:37 PM","55","51","86","W","7","0","29.83","Mist","0.0"
"2025-02-03","1:48 PM","57","52","82","WSW","7","0","29.82","Haze","0.0"
"2025-02-03","1:53 PM","57","51","81","W","7","0","29.81","Haze","0.0"
"2025-02-03","2:06 PM","57","51","81","WSW","8","0","29.81","Haze","0.0"
"2025-02-03","2:23 PM","57","51","81","W","10","0","29.81","Haze","0.0"
"2025-02-03","2:49 PM","55","52","88","W","13","0","29.80","Haze","0.0"
"2025-02-03","2:53 PM","55","51","86","W","10","0","29.80","Mist","0.0"
"2025-02-03","3:33 PM","55","51","86","VAR","7","0","29.78","Mist","0.0"
"2025-02-03","3:46 PM","55","51","86","W","8","0","29.78","Cloudy","0.0"
"2025-02-03","3:53 PM","56","51","84","W","9","0","29.78","Cloudy","0.0"
"2025-02-03","4:53 PM","56","52","87","W","16","0","29.79","Cloudy","0.0"
"2025-02-03","5:44 PM","55","53","93","SW","9","0","29.77","Mist","0.0"
"2025-02-03","5:53 PM","55","53","93","SW","9","0","29.78","Mist","0.0"
"2025-02-03","6:19 PM","54","52","93","WSW","12","0","29.78","Mist","0.0"
"2025-02-03","6:53 PM","55","52","89","WSW","9","0","29.78","Partly Cloudy","0.0"
"2025-02-03","7:53 PM","56","52","87","WSW","7","0","29.77","Partly Cloudy","0.0"
"2025-02-03","8:53 PM","56","52","87","WSW","8","0","29.78","Mostly Cloudy","0.0"
"2025-02-03","9:53 PM","56","52","87","W","9","0","29.79","Mostly Cloudy","0.0"
"2025-02-03","10:53 PM","56","51","84","SW","12","0","29.79","Partly Cloudy","0.0"
"2025-02-03","11:53 PM","56","52","87","SW","8","0","29.80","Mostly Cloudy","0.0"
"2025-02-04","12:35 AM","56","53","90","WSW","6","0","29.81","Mostly Cloudy","0.0"
"2025-02-04","12:53 AM","55","53","93","SW","6","0","29.81","Mostly Cloudy","0.0"
"2025-02-04","1:53 AM","56","52","87","S","3","0","29.82","Mostly Cloudy","0.0"
"2025-02-04","2:53 AM","55","51","86","CALM","0","0","29.81","Mostly Cloudy","0.0"
"2025-02-04","3:53 AM","52","50","93","CALM","0","0","29.81","Mostly Cloudy","0.0"
"2025-02-04","4:53 AM","51","48","89","E","6","0","29.81","Partly Cloudy","0.0"
"2025-02-04","5:53 AM","51","49","92","S","3","0","29.82","Partly Cloudy","0.0"
"2025-02-04","6:16 AM","52","49","89","ESE","5","0","29.82","Mostly Cloudy","0.0"
"2025-02-04","6:20 AM","51","49","92","ESE","6","0","29.82","Mostly Cloudy","0.0"
"2025-02-04","6:53 AM","53","49","86","CALM","0","0","29.82","Mostly Cloudy","0.0"
"2025-02-04","7:37 AM","52","50","93","E","6","0","29.83","Partly Cloudy","0.0"
"2025-02-04","7:53 AM","52","50","93","ESE","7","0","29.83","Partly Cloudy","0.0"
"2025-02-04","8:53 AM","53","51","93","ESE","3","0","29.86","Partly Cloudy","0.0"
"2025-02-04","9:14 AM","54","51","90","CALM","0","0","29.87","Mostly Cloudy","0.0"
"2025-02-04","9:53 AM","56","51","84","CALM","0","0","29.87","Mostly Cloudy","0.0"
"2025-02-04","10:04 AM","57","51","81","CALM","0","0","29.87","Partly Cloudy","0.0"
"2025-02-04","10:53 AM","60","50","69","VAR","3","0","29.87","Fair","0.0"
"2025-02-04","11:53 AM","62","50","65","VAR","5","0","29.87","Partly Cloudy","0.0"
"2025-02-04","12:53 PM","62","48","60","WSW","10","21","29.88","Partly Cloudy","0.0"
"2025-02-04","1:53 PM","64","49","58","WSW","10","0","29.86","Fair","0.0"
"2025-02-04","2:53 PM","64","49","58","SW","10","0","29.85","Fair","0.0"
"2025-02-04","3:53 PM","62","48","60","WSW","12","0","29.85","Fair","0.0"
"2025-02-04","4:53 PM","62","49","62","W","10","0","29.85","Fair","0.0"
"2025-02-04","5:53 PM","62","49","62","S","7","0","29.86","Mostly Cloudy","0.0"
"2025-02-04","6:53 PM","60","48","64","SE","7","0","29.87","Mostly Cloudy","0.0"
"2025-02-04","7:53 PM","59","50","72","S","8","0","29.89","Partly Cloudy","0.0"
"2025-02-04","8:53 PM","59","48","67","VAR","5","0","29.88","Mostly Cloudy","0.0"
"2025-02-04","9:53 PM","59","50","72","ESE","9","0","29.89","Cloudy","0.0"
"2025-02-04","10:53 PM","58","52","81","SSE","8","18","29.92","Cloudy","0.0"
"2025-02-04","11:33 PM","56","54","93","SE","6","0","29.92","Light Drizzle","0.0"
"2025-02-04","11:53 PM","56","54","93","E","12","0","29.91","Light Drizzle","0.0"
"2025-02-05","12:02 AM","56","54","93","E","9","0","29.91","Light Drizzle","0.0"
"2025-02-05","12:26 AM","56","54","93","E","8","0","29.92","Light Drizzle","0.0"
"2025-02-05","12:50 AM","55","54","94","ENE","6","0","29.93","Light Drizzle","0.0"
"2025-02-05","12:53 AM","56","54","93","ENE","7","0","29.93","Cloudy","0.0"
"2025-02-05","1:17 AM","55","53","93","ENE","9","0","29.93","Light Drizzle","0.0"
"2025-02-05","1:53 AM","55","54","96","E","6","0","29.93","Light Drizzle","0.0"
"2025-02-05","2:22 AM","54","53","97","E","6","0","29.93","Light Drizzle","0.0"
"2025-02-05","2:53 AM","54","53","97","ENE","9","0","29.93","Light Rain","0.1"
"2025-02-05","3:53 AM","54","52","93","E","9","0","29.92","Light Rain","0.1"
"2025-02-05","4:53 AM","53","52","96","E","9","0","29.91","Light Rain","0.0"
"2025-02-05","5:53 AM","54","53","97","E","10","0","29.91","Mist","0.0"
"2025-02-05","6:53 AM","54","53","97","E","13","0","29.92","Mist","0.0"
"2025-02-05","7:46 AM","54","53","97","E","12","0","29.94","Light Rain","0.0"
"2025-02-05","7:53 AM","54","53","97","E","10","0","29.94","Light Rain","0.0"
"2025-02-05","8:07 AM","54","53","97","E","12","0","29.95","Light Rain","0.0"
"2025-02-05","8:53 AM","55","53","93","E","12","0","29.97","Light Rain","0.0"
"2025-02-05","9:34 AM","55","54","96","E","13","0","29.97","Mist","0.0"
"2025-02-05","9:53 AM","55","54","96","E","10","0","29.98","Light Rain","0.0"
"2025-02-05","10:13 AM","56","54","93","E","10","0","29.98","Light Rain","0.0"
"2025-02-05","10:48 AM","57","55","94","E","13","0","29.98","Light Rain","0.0"
"2025-02-05","10:53 AM","57","55","93","E","12","0","29.98","Mist","0.0"
"2025-02-05","11:53 AM","57","55","93","E","13","0","29.98","Mist","0.0"
"2025-02-05","12:20 PM","58","56","93","E","9","0","29.97","Light Rain","0.0"
"2025-02-05","12:53 PM","58","57","97","ESE","10","0","29.96","Light Rain","0.0"
"2025-02-05","1:05 PM","58","57","97","ESE","8","0","29.95","Light Rain","0.0"
"2025-02-05","1:53 PM","58","57","97","SE","9","0","29.93","Light Rain","0.0"
"2025-02-05","2:01 PM","59","57","93","ESE","9","0","29.93","Mist","0.0"
"2025-02-05","2:32 PM","59","58","96","E","8","0","29.91","Light Rain","0.0"
"2025-02-05","2:53 PM","59","58","96","E","7","0","29.90","Light Rain","0.0"
"2025-02-05","3:18 PM","60","58","93","E","7","0","29.89","Mist","0.0"
"2025-02-05","3:28 PM","60","58","93","E","9","0","29.89","Mist","0.0"
"2025-02-05","3:53 PM","60","58","93","E","8","0","29.88","Cloudy","0.0"
"2025-02-05","4:34 PM","62","58","86","E","8","0","29.87","Partly Cloudy","0.0"
"2025-02-05","4:53 PM","63","57","81","E","7","0","29.87","Mostly Cloudy","0.0"
"2025-02-05","5:53 PM","63","57","81","CALM","0","0","29.87","Cloudy","0.0"
"2025-02-05","6:14 PM","61","57","87","WSW","13","0","29.87","Cloudy","0.0"
"2025-02-05","6:53 PM","58","56","93","W","10","0","29.87","Cloudy","0.0"
"2025-02-05","7:08 PM","58","57","97","WSW","9","0","29.87","Light Rain","0.0"
"2025-02-05","7:31 PM","58","56","93","W","8","0","29.88","Cloudy","0.0"
"2025-02-05","7:53 PM","58","56","93","WSW","8","0","29.88","Cloudy","0.0"
"2025-02-05","8:53 PM","58","57","97","CALM","0","0","29.88","Cloudy","0.0"
"2025-02-05","9:53 PM","59","57","93","NNW","3","0","29.88","Cloudy","0.0"
"2025-02-05","10:49 PM","59","57","94","ENE","3","0","29.89","Cloudy","0.0"
"2025-02-05","10:53 PM","59","57","93","NE","3","0","29.89","Cloudy","0.0"
"2025-02-05","11:53 PM","59","57","93","CALM","0","0","29.89","Cloudy","0.0"
"2025-02-06","12:53 AM","59","58","96","ESE","3","0","29.89","Mist","0.0"
"2025-02-06","1:16 AM","59","57","93","SE","8","0","29.88","Mist","0.0"
"2025-02-06","1:53 AM","58","57","97","ESE","7","0","29.88","Mist","0.0"
"2025-02-06","2:37 AM","58","57","97","ESE","7","0","29.87","Mist","0.0"
"2025-02-06","2:53 AM","58","57","97","SE","8","0","29.87","Mist","0.0"
"2025-02-06","3:53 AM","58","57","97","SE","6","0","29.87","Mist","0.0"
"2025-02-06","4:53 AM","58","57","97","ESE","7","0","29.87","Mist","0.0"
"2025-02-06","5:50 AM","57","55","94","SE","7","0","29.87","Mist","0.0"
"2025-02-06","5:53 AM","58","56","93","SE","6","0","29.87","Mist","0.0"
"2025-02-06","6:51 AM","57","57","100","SSE","6","0","29.87","Light Rain","0.0"
"2025-02-06","6:53 AM","58","57","97","SSE","5","0","29.87","Light Rain","0.0"
"2025-02-06","7:15 AM","58","57","97","SSE","8","0","29.88","Mist","0.0"
"2025-02-06","7:53 AM","58","57","97","SSE","7","0","29.89","Mist","0.0"
"2025-02-06","8:26 AM","57","56","96","WSW","9","0","29.91","Light Rain","0.0"
"2025-02-06","8:53 AM","57","56","96","WSW","9","0","29.92","Mist","0.0"
"2025-02-06","9:20 AM","57","56","96","WSW","6","0","29.92","Mist","0.0"
"2025-02-06","9:53 AM","57","55","93","WSW","6","0","29.93","Mist","0.0"
"2025-02-06","10:21 AM","57","56","96","WSW","5","0","29.93","Mist","0.0"
"2025-02-06","10:53 AM","57","56","96","WSW","8","0","29.95","Mist","0.0"
"2025-02-06","11:30 AM","57","55","93","W","7","0","29.95","Light Drizzle","0.0"
"2025-02-06","11:38 AM","57","55","93","W","7","0","29.95","Light Drizzle","0.0"
"2025-02-06","11:44 AM","57","55","93","WSW","6","0","29.95","Cloudy","0.0"
"2025-02-06","11:53 AM","57","55","93","W","7","0","29.95","Cloudy","0.0"
"2025-02-06","12:31 PM","59","55","87","VAR","5","0","29.94","Mostly Cloudy","0.0"
"2025-02-06","12:53 PM","59","55","87","W","5","0","29.93","Mostly Cloudy","0.0"
"2025-02-06","1:53 PM","61","55","81","W","9","0","29.91","Cloudy","0.0"
"2025-02-06","2:53 PM","60","55","83","W","9","0","29.90","Cloudy","0.0"
"2025-02-06","3:53 PM","60","55","83","WSW","8","0","29.89","Cloudy","0.0"
"2025-02-06","4:53 PM","60","55","83","S","6","0","29.89","Cloudy","0.0"
"2025-02-06","5:19 PM","61","56","83","ESE","8","0","29.88","Cloudy","0.0"
"2025-02-06","5:38 PM","61","56","83","ESE","10","0","29.88","Cloudy","0.0"
"2025-02-06","5:53 PM","60","57","90","SE","8","21","29.88","Light Rain","0.0"
"2025-02-06","5:59 PM","60","57","90","SE","10","0","29.88","Light Rain","0.0"
"2025-02-06","6:16 PM","59","57","93","ESE","12","0","29.88","Light Rain","0.0"
"2025-02-06","6:53 PM","60","57","90","SE","10","0","29.88","Cloudy","0.0"
"2025-02-06","7:16 PM","60","57","90","SE","10","0","29.89","Cloudy","0.0"
"2025-02-06","7:53 PM","60","57","90","SE","12","0","29.89","Light Rain","0.0"
"2025-02-06","8:19 PM","59","57","93","SE","10","20","29.89","Light Rain","0.0"
"2025-02-06","8:53 PM","59","57","93","SE","12","22","29.89","Light Rain","0.1"
"2025-02-06","9:53 PM","59","57","93","SE","8","0","29.90","Light Rain","0.0"
"2025-02-06","10:53 PM","59","59","100","ESE","12","0","29.91","Light Rain","0.1"
"2025-02-06","11:53 PM","59","59","100","S","17","24","29.92","Light Rain","0.0"
"2025-02-07","12:53 AM","59","59","100","S","12","0","29.92","Cloudy","0.0"
"2025-02-07","1:53 AM","60","60","100","S","14","0","29.92","Cloudy","0.0"
"2025-02-07","2:51 AM","61","61","100","S","14","0","29.91","Cloudy","0.0"
"2025-02-07","2:53 AM","60","60","100","S","14","0","29.91","Cloudy","0.0"
"2025-02-07","3:37 AM","59","59","100","S","14","0","29.91","Light Rain","0.0"
"2025-02-07","3:53 AM","59","59","100","SSW","13","0","29.91","Rain","0.0"
"2025-02-07","4:53 AM","59","59","100","S","12","0","29.91","Rain","0.0"
"2025-02-07","5:23 AM","58","58","100","SSW","10","0","29.92","Light Rain","0.0"
"2025-02-07","5:41 AM","58","58","100","SW","10","0","29.92","Rain","0.0"
"2025-02-07","5:51 AM","57","57","100","SW","9","0","29.92","Light Rain / Fog","0.0"
"2025-02-07","5:53 AM","58","58","100","SW","9","0","29.92","Light Rain / Fog","0.0"
"2025-02-07","6:18 AM","58","58","100","WSW","8","0","29.93","Light Rain","0.0"
"2025-02-07","6:26 AM","58","58","100","W","5","0","29.92","Mist","0.0"
"2025-02-07","6:53 AM","58","58","100","W","6","0","29.94","Mist","0.0"
"2025-02-07","6:58 AM","58","58","100","W","6","0","0.00","Mist","0.0"
"2025-02-07","7:25 AM","59","58","96","WSW","8","0","0.00","Light Rain","0.0"
"2025-02-07","7:53 AM","58","57","97","WSW","7","0","0.00","Mist","0.0"
"2025-02-07","8:50 AM","59","57","94","WSW","8","0","29.97","Mist","0.0"
"2025-02-07","8:53 AM","59","57","93","WSW","8","0","29.97","Mist","0.0"
"2025-02-07","9:04 AM","59","56","90","WSW","8","0","29.98","Cloudy","0.0"
"2025-02-07","9:32 AM","59","56","90","WSW","10","0","29.99","Cloudy","0.0"
"2025-02-07","9:53 AM","59","56","90","W","13","0","29.99","Cloudy","0.0"
"2025-02-07","10:53 AM","60","56","86","W","12","0","30.02","Mostly Cloudy","0.0"
"2025-02-07","11:38 AM","59","54","83","W","14","0","30.02","Mostly Cloudy","0.0"
"2025-02-07","11:53 AM","59","54","83","W","14","0","30.02","Cloudy","0.0"
"2025-02-07","12:53 PM","59","52","78","W","14","0","30.01","Mostly Cloudy","0.0"
"2025-02-07","1:02 PM","60","52","75","","0","0","30.00","N/A","0.0"
"2025-02-07","1:53 PM","60","52","75","W","15","0","29.99","Mostly Cloudy","0.0"
"2025-02-07","2:34 PM","59","51","75","W","14","0","29.97","Mostly Cloudy","0.0"
"2025-02-07","2:53 PM","59","50","72","W","13","0","29.97","Mostly Cloudy","0.0"
"2025-02-07","3:53 PM","60","51","72","WSW","12","0","29.96","Mostly Cloudy","0.0"
"2025-02-07","4:53 PM","59","50","72","WSW","14","0","29.97","Mostly Cloudy","0.0"
"2025-02-07","5:53 PM","58","51","78","WSW","12","0","29.96","Mostly Cloudy","0.0"
"2025-02-07","6:53 PM","57","51","81","WSW","10","0","29.96","Partly Cloudy","0.0"
"2025-02-07","8:30 PM","57","52","82","WSW","12","0","29.96","Partly Cloudy","0.0"
"2025-02-07","8:53 PM","54","52","94","N","6","0","29.97","Partly Cloudy","0.0"
"2025-02-07","9:53 PM","54","54","100","NW","5","0","29.99","Partly Cloudy","0.0"
"2025-02-07","10:53 PM","54","54","100","NW","5","0","29.97","Mostly Cloudy","0.0"
"2025-02-07","11:14 PM","52","52","100","VAR","3","0","29.99","Partly Cloudy","0.0"
"2025-02-07","11:53 PM","51","51","100","NNE","3","0","29.99","Partly Cloudy","0.0"
"2025-02-08","12:53 AM","50","50","100","ENE","5","0","29.99","Partly Cloudy","0.0"
"2025-02-08","1:53 AM","50","50","100","NE","3","0","29.98","Partly Cloudy","0.0"
"2025-02-08","2:53 AM","51","51","100","NE","5","0","29.97","Mostly Cloudy","0.0"
"2025-02-08","3:53 AM","50","50","100","ENE","5","0","29.97","Partly Cloudy","0.0"
"2025-02-08","4:53 AM","49","49","100","CALM","0","0","29.96","Partly Cloudy","0.0"
"2025-02-08","5:53 AM","49","49","100","CALM","0","0","29.96","Partly Cloudy","0.0"
"2025-02-08","6:49 AM","48","48","100","CALM","0","0","29.97","Partly Cloudy","0.0"
"2025-02-08","6:53 AM","48","48","100","CALM","0","0","29.97","Partly Cloudy","0.0"
"2025-02-08","7:53 AM","48","48","100","CALM","0","0","29.98","Partly Cloudy","0.0"
"2025-02-08","8:53 AM","55","54","96","CALM","0","0","29.98","Partly Cloudy","0.0"
"2025-02-08","9:53 AM","55","48","77","WNW","6","0","30.00","Partly Cloudy","0.0"
"2025-02-08","10:53 AM","57","46","67","WSW","5","0","30.01","Partly Cloudy","0.0"
"2025-02-08","11:53 AM","57","50","77","WSW","7","0","30.01","Mostly Cloudy","0.0"
"2025-02-08","12:53 PM","61","50","67","WSW","6","0","30.00","Mostly Cloudy","0.0"
"2025-02-08","1:53 PM","60","48","64","W","9","0","29.96","Mostly Cloudy","0.0"
"2025-02-08","2:15 PM","60","49","67","W","10","0","29.95","Mostly Cloudy","0.0"
"2025-02-08","2:53 PM","61","49","64","WSW","10","0","29.94","Mostly Cloudy","0.0"
"2025-02-08","3:53 PM","62","46","56","W","12","0","29.92","Mostly Cloudy","0.0"
"2025-02-08","4:53 PM","59","47","64","WSW","10","0","29.93","Mostly Cloudy","0.0"
"2025-02-08","5:53 PM","58","47","67","WSW","12","0","29.92","Mostly Cloudy","0.0"
"2025-02-08","6:53 PM","57","50","77","SW","8","0","29.92","Mostly Cloudy","0.0"
"2025-02-08","7:53 PM","56","51","84","WSW","6","0","29.92","Mostly Cloudy","0.0"
"2025-02-08","8:53 PM","55","50","83","WSW","7","0","29.93","Partly Cloudy","0.0"
"2025-02-08","9:53 PM","55","51","86","WSW","7","0","29.94","Partly Cloudy","0.0"
"2025-02-08","10:53 PM","54","50","86","ENE","3","0","29.94","Partly Cloudy","0.0"
"2025-02-08","11:53 PM","53","50","89","E","5","0","29.94","Partly Cloudy","0.0"
"2025-02-09","12:53 AM","52","49","89","E","6","0","29.93","Mostly Cloudy","0.0"
"2025-02-09","1:53 AM","51","49","92","E","3","0","29.91","Mostly Cloudy","0.0"
"2025-02-09","2:53 AM","52","48","86","NNE","3","0","29.92","Mostly Cloudy","0.0"
"2025-02-09","3:53 AM","52","47","83","CALM","0","0","29.91","Mostly Cloudy","0.0"
"2025-02-09","4:53 AM","50","46","86","CALM","0","0","29.89","Partly Cloudy","0.0"
"2025-02-09","5:53 AM","49","44","83","CALM","0","0","29.89","Fair","0.0"
"2025-02-09","6:53 AM","51","43","74","CALM","0","0","29.91","Fair","0.0"
"2025-02-09","7:53 AM","50","43","77","CALM","0","0","29.92","Fair","0.0"
"2025-02-09","8:53 AM","54","46","75","N","5","0","29.92","Mostly Cloudy","0.0"
"2025-02-09","9:53 AM","57","43","59","CALM","0","0","29.94","Mostly Cloudy","0.0"
"2025-02-09","10:53 AM","60","45","57","SW","3","0","29.95","Mostly Cloudy","0.0"
"2025-02-09","11:53 AM","62","45","53","WSW","5","0","29.94","Mostly Cloudy","0.0"
"2025-02-09","12:53 PM","64","46","52","SW","5","0","29.90","Partly Cloudy","0.0"
"2025-02-09","1:53 PM","64","48","56","WSW","13","0","29.88","Partly Cloudy","0.0"
"2025-02-09","2:53 PM","64","43","46","WSW","10","0","29.87","Partly Cloudy","0.0"
"2025-02-09","3:53 PM","64","41","43","WSW","13","0","29.87","Fair","0.0"
"2025-02-09","4:53 PM","62","50","65","W","10","0","29.86","Fair","0.0"
"2025-02-09","5:53 PM","60","49","67","WSW","13","0","29.87","Fair","0.0"
"2025-02-09","7:03 PM","58","48","70","WSW","16","0","29.88","Fair","0.0"
"2025-02-09","7:53 PM","57","47","69","W","9","0","29.88","Fair","0.0"
"2025-02-09","8:53 PM","57","47","69","SW","5","0","29.90","Fair","0.0"
"2025-02-09","9:53 PM","57","47","69","SW","9","0","29.90","Partly Cloudy","0.0"
"2025-02-09","10:53 PM","57","47","69","SSE","3","0","29.91","Partly Cloudy","0.0"
"2025-02-09","11:53 PM","55","50","83","SE","5","0","29.92","Mostly Cloudy","0.0"
"2025-02-10","12:53 AM","55","47","74","VAR","3","0","29.93","Mostly Cloudy","0.0"